Baldwin County,Alabama,82325,4.9,3.9,9.4,10.4,16.5,14.1,13.3,16,4.9,6.6,56439,81449,35.8,AL
Calhoun County,Alabama,44636,9.6,7.3,8.4,13.1,12.8,18.7,12.2,12.9,2.8,2.2,48156,61137,38.2,AL
Cullman County,Alabama,32090,4.4,5.4,11,13.2,14.9,22,15.3,8.6,2.9,2.4,50906,61920,43.2,AL
DeKalb County,Alabama,24880,7.2,8.4,15.6,7.6,16.9,18.9,10.7,11,3,0.7,44208,56777,36.4,AL
Elmore County,Alabama,30712,2.9,1.9,13.2,10.8,10.3,21,11.4,16.3,6.4,5.8,61854,82576,34.9,AL
Etowah County,Alabama,40053,9.9,6.3,15.9,11.8,13.4,17.5,9.7,10.3,3,2.3,41447,59944,40.2,AL
Houston County,Alabama,39761,9.2,6,11.2,11.2,12.4,18.9,10.2,11.6,5.2,4.3,50103,69495,43.6,AL
Jefferson County,Alabama,264753,9.7,5,8.9,10.4,12.6,17,9.8,14.1,5.9,6.6,53944,79833,42.4,AL
Lauderdale County,Alabama,38761,9.3,7,10.8,10.2,15.2,16.6,13.3,12.5,2.3,2.8,46632,62091,44.3,AL
Lee County,Alabama,64448,11.2,6.3,11.7,6.3,12.2,17.9,9.8,13,5.7,5.8,53712,78000,32,AL
Limestone County,Alabama,32020,3.7,5.9,8.4,12.2,10.1,16.8,11.8,18.9,6.7,5.5,63695,83580,33.4,AL
Madison County,Alabama,155878,5.2,4.4,8.9,8.8,11.7,14.5,12.4,17.5,9.2,7.3,67930,88904,27.5,AL
Marshall County,Alabama,35330,8,4.6,12.6,8.1,16.9,21.2,12,9.8,3.6,3.2,49467,63823,42.8,AL
Mobile County,Alabama,155946,9,5.8,11.2,10.2,14.2,20.3,10.5,11.3,4.3,3.2,49639,64556,38.3,AL
Montgomery County,Alabama,88864,8.1,3.6,9.2,10.1,15.7,20.2,11.1,13.3,4.5,4.3,53117,72113,33.8,AL
Morgan County,Alabama,46470,6.8,5.3,9.4,11,12.8,19.6,12.1,13.9,4.9,4.2,54338,73817,33.3,AL
St. Clair County,Alabama,32829,3.9,2.9,7.8,8.7,12.6,20.2,13.8,22.3,4,3.9,67487,78406,31.2,AL
Shelby County,Alabama,84048,3.9,2.8,7.4,6.8,10.8,17.9,13.4,19.7,8,9.2,75614,101601,33.3,AL
Talladega County,Alabama,30602,9.7,6.8,13.5,12.2,7.7,16.4,13.5,14.3,3.6,2.4,50147,62758,38.6,AL
Tuscaloosa County,Alabama,74259,9,5,10.6,11,12.6,17.6,8.4,15.1,5.5,5.3,52243,73432,45.9,AL
Walker County,Alabama,25153,7.4,5.3,14.4,10.9,15,16.3,12,13.7,3.3,1.9,46283,60865,52.7,AL
Anchorage Municipality,Alaska,105198,3.8,2.7,4.6,6.6,10.1,17.6,13.1,20.4,10.8,10.2,82716,109042,31.4,AK
Fairbanks North Star Borough,Alaska,35556,2.8,1.9,7.7,5.7,11.5,21.5,11.1,16,9.4,12.4,72065,103334,24,AK
Matanuska-Susitna Borough,Alaska,32736,4.5,2.9,7.7,6.9,9.6,18.7,14.6,18,8.7,8.4,74709,92126,35.5,AK
Apache County,Arizona,20925,22.3,6.6,13.6,12.3,12.3,14.5,6.2,9.9,1.4,0.7,30480,43748,58.6,AZ
Cochise County,Arizona,51982,7.8,4.5,9.9,11,18.5,15.6,10.7,14.3,4.9,2.8,48484,67592,30.8,AZ
Coconino County,Arizona,48993,9.3,5.5,6.7,6.8,13.8,18.2,10.9,15,8.3,5.6,58085,81219,32.7,AZ
Maricopa County,Arizona,1611722,5,2.8,7.2,7.5,12.8,18.6,13.7,16.8,7.3,8.3,68649,92992,36.8,AZ
Mohave County,Arizona,91095,4.9,4.9,12.1,11.2,16.6,22.5,12.6,9.8,2.7,2.5,50179,63437,36.7,AZ
Navajo County,Arizona,38732,12.8,5.1,10.8,15.9,15.8,15.7,9.9,9.8,2.8,1.5,38897,53425,38.4,AZ
Pima County,Arizona,410404,6.9,4.3,9.7,10,14.5,17.4,13.1,13.8,5.2,5,56169,76892,34.6,AZ
Pinal County,Arizona,153413,4.2,3.1,8.2,8.1,14.6,21.7,14.6,16.1,5.6,3.9,62057,78763,41.8,AZ
Yavapai County,Arizona,102784,5.5,5,10.7,9.4,15.6,21.1,11.5,12,4.2,4.8,53816,71282,30.6,AZ
Yuma County,Arizona,74042,10.5,5.6,11.2,10.9,14.5,18.8,14.9,9.5,2.3,1.8,46419,59182,42,AZ
Benton County,Arkansas,100749,4.4,3.4,6.9,7.7,11.2,19.4,15,16,6.2,9.7,69130,96757,31.6,AR
Craighead County,Arkansas,41409,6.2,5,14.9,13.7,13.4,14.8,9.8,14.6,3.4,4.1,45610,68763,38.2,AR
Faulkner County,Arkansas,47389,8.7,3.2,10.9,9.1,12.2,20.3,15.1,13.1,3.1,4.4,57642,74775,21.5,AR
Garland County,Arkansas,41743,8.3,8,11.5,10.1,16.7,19.7,10.3,8.3,4.6,2.6,45265,61782,43.5,AR
Jefferson County,Arkansas,27593,11.4,12.3,10.8,9.3,17.5,14.9,10.5,8,2,3.2,39326,53518,50.3,AR
Lonoke County,Arkansas,26052,6.9,3.6,7.6,6.9,13.8,19.1,15.2,16.2,7,3.6,62532,75963,30,AR
Pulaski County,Arkansas,158000,6.9,5.9,9.4,10.8,15,19.2,9.7,13.3,5.1,4.8,52043,77462,39.1,AR
Saline County,Arkansas,45455,3.2,6,7.6,7.8,12.4,20.5,12.9,19.6,7,3.1,66327,77398,37.3,AR
Sebastian County,Arkansas,51384,6.2,5.3,12.1,14,13.7,18.9,11.5,11.7,3.2,3.4,48839,65576,47.1,AR
Washington County,Arkansas,89249,7.5,3.7,11.6,10.5,15.9,17,10.7,13,4.2,5.7,50798,72353,27,AR
White County,Arkansas,28621,6.6,6.3,16.8,12,12.2,19.3,9.9,11.4,3.2,2.2,43399,61441,34.6,AR
Alameda County,California,585632,4.2,3.4,4.9,4.8,6.4,11.6,10.7,19,12.8,22.2,108322,141427,30.7,CA
Butte County,California,77651,6.2,5.7,9.1,10.5,10.3,16.7,13.6,14,5.2,8.7,62563,91685,41,CA
Contra Costa County,California,399792,3.3,2.8,4,4.8,6.9,12.2,12.5,18.9,12.2,22.4,107135,146387,35.4,CA
El Dorado County,California,74216,4.4,4.6,5.7,6.1,8.8,13.6,12,20,10.4,14.3,87059,118681,41.4,CA
Fresno County,California,315974,7.7,5.3,9.7,10.1,11.5,17,12.4,14.4,6.4,5.4,57518,76573,43,CA
Humboldt County,California,55692,7.6,11.7,7.1,8.2,14.2,15.3,11.5,12.7,5.5,6.2,51662,76880,38,CA
Imperial County,California,48182,6.8,10.4,11.5,9,14.6,14.6,12.9,12.4,4.7,3,48472,64050,43.3,CA
Kern County,California,272888,5.6,6.4,11.7,10.1,13.3,17.3,10.3,13.8,6.4,5.1,53067,75669,29.3,CA
Kings County,California,44761,4.6,2.5,11.3,11.1,13.5,22.1,12.7,12,6.5,3.6,58453,72471,49.9,CA
Lake County,California,25968,5.4,8.3,9.4,11.2,21.1,14.8,10.7,10.8,4.8,3.7,47138,67959,36.6,CA
Los Angeles County,California,3328398,5.4,4.3,7.5,7.3,10.5,16.2,12.4,16.8,8.4,11.3,72797,104063,39,CA
Madera County,California,44387,6,1.7,7.3,14.1,11.5,16.1,14.1,18.4,5.8,4.9,64827,83590,40.1,CA
Marin County,California,105298,3.4,2.5,4.5,4.7,8.8,10.6,11,16,10,28.6,110843,180587,37.4,CA
Mendocino County,California,34478,3.8,7.8,11.8,9.3,15.1,18.6,10.5,14.3,4.6,4.1,51744,71732,33.5,CA
Merced County,California,80645,3.4,4.5,9.5,8.8,14.9,20,13.6,14,5.9,5.4,61167,79523,45.6,CA
Monterey County,California,128227,3.2,2.2,8.3,7,10.8,16,15.8,18.5,7.5,10.6,77514,102106,37,CA
Napa County,California,48107,3.4,3.2,3.7,4,10.7,14.1,14.1,17.5,11.3,17.9,92769,130499,33,CA
Nevada County,California,39365,3.5,1.6,9.6,11.1,14.7,13.5,13.6,13.5,6.8,12.2,68818,97744,32,CA
Orange County,California,1044280,4.1,2.6,4.9,5.4,8.3,14.2,12.4,19.7,11.5,17,95934,127176,41.9,CA
Placer County,California,147236,2.8,2.5,5.5,5.7,7.4,13.6,13.5,20.8,11.7,16.4,97723,124843,29,CA
Riverside County,California,734948,5,3.7,7.2,6.9,11,17.2,13.5,18.4,8.6,8.4,73260,95564,42.3,CA
Sacramento County,California,556752,4.4,4,7.1,7.8,11.1,17.6,13.7,17.4,8.5,8.4,72017,93318,33.1,CA
San Bernardino County,California,644758,4.9,3.8,7.3,8.7,12,17.5,14.7,17.4,7.5,6.2,67903,86334,38.1,CA
San Diego County,California,1132434,4.1,3.3,6,6.3,9.8,15.3,13.4,18.8,9.7,13.3,83985,112786,37,CA
San Francisco County,California,365851,4,5.1,4.8,4.2,5.8,10.2,8.2,15,11.9,30.7,123859,173858,34.2,CA
San Joaquin County,California,230241,4.5,3.2,8,8.4,11.1,18.9,12.3,16.9,9,7.8,68997,92484,40.6,CA
San Luis Obispo County,California,106512,4.3,3.3,7.2,7.5,11.9,14.4,13.6,19,9.8,9.2,77265,99083,36.3,CA
San Mateo County,California,265003,2.3,1.9,4.1,3.5,6.4,10.2,8.7,16.9,12.7,33.3,138500,193572,31.4,CA
Santa Barbara County,California,146466,5.3,2.9,6.4,5.6,12.7,16.8,12.5,17,7.3,13.6,75653,112619,36,CA
Santa Clara County,California,643637,2.5,2.3,3.6,4.3,5.9,10.8,9.4,16.5,13.2,31.6,133076,180645,31.5,CA
Santa Cruz County,California,97710,3,3.4,7.2,6.4,9.8,12.1,12.2,18.2,10.4,17.3,89269,126138,34.1,CA
Shasta County,California,72714,4.9,5.9,11,7.1,12.4,16.1,14.5,14.6,7.9,5.4,63091,81663,43.9,CA
Solano County,California,150393,4.4,2.2,4.3,6.3,9.7,16,15.6,20.5,10.9,10.1,86652,105465,37.8,CA
Sonoma County,California,190689,2.9,2.7,4.2,6.5,9.3,16.1,15.6,18.8,10.7,13.3,87828,117426,31.9,CA
Stanislaus County,California,174698,4.7,3.9,7.8,9.4,13.2,18.8,13.8,16.9,6.1,5.2,63037,79840,41.5,CA
Sutter County,California,33039,3.5,5.2,8.2,9.8,12.4,18.6,11.7,14.2,9.5,6.9,62777,89212,37.2,CA
Tehama County,California,25310,9.4,4,13.1,9.3,13.3,14.4,12.1,11.4,9.8,3.3,53475,70306,36.7,CA
Tulare County,California,144109,5.6,4.2,9.4,10.3,14,18.7,13.6,13.7,7.2,3.4,57692,74820,52.3,CA
Ventura County,California,268524,3,2.1,5,5.4,9.3,13.8,15.1,20.4,11.9,14,92236,121196,39.5,CA
Yolo County,California,76075,7.2,5,5.7,6.6,8.7,18.9,10.4,16.7,9.4,11.3,71417,107375,34,CA
Yuba County,California,26827,10.4,4.1,6.5,7.9,12.7,21.1,11.4,14.6,5.9,5.5,58765,74158,30.8,CA
Adams County,Colorado,171977,3.6,2.7,6.1,6.8,11.8,18.4,16.2,18.4,9.4,6.6,75804,91713,40.9,CO
Arapahoe County,Colorado,246302,3.8,1.9,4.2,5.7,11.2,19,13.5,19.3,10.2,11.2,82710,110227,31.6,CO
Boulder County,Colorado,131854,5.8,2.6,5.8,5,9,14.7,13.7,17,10.5,15.9,88535,125894,39.2,CO
Broomfield County,Colorado,28062,1.8,1,2.1,3.8,7.5,13.8,14.8,19.8,16.6,18.9,111400,144139,28.2,CO
Denver County,Colorado,318445,5.5,3.6,6.6,6.9,9.8,17.1,12.4,17.9,8.5,11.7,75646,106715,32.8,CO
Douglas County,Colorado,127476,1.7,0.8,2.4,4.4,4.7,10.9,13.1,24.4,16.5,21.1,122867,151762,26.8,CO
El Paso County,Colorado,265798,4.4,2.8,6.3,7.3,11.5,19.6,14.7,17.4,8.5,7.6,72830,93351,35.4,CO
Jefferson County,Colorado,236496,3.4,1.6,5,5.4,9.4,17.2,12.8,21.1,10.5,13.5,90040,115741,29.9,CO
Larimer County,Colorado,146638,5,3.2,7.3,6,10.2,18,14.3,16.8,9.6,9.5,75186,98731,31,CO
Mesa County,Colorado,63644,5.7,4.2,7.7,8.1,15.2,21.6,12.5,15,5,4.9,60500,78226,32.9,CO
Pueblo County,Colorado,66111,7.8,6.3,9.9,10.5,14.9,17.5,14.1,12.5,3.8,2.6,51276,66317,42,CO
Weld County,Colorado,111298,3.5,2.9,7,6.4,9.8,17.5,14.3,22.4,9.3,6.8,78615,95567,33.2,CO
Fairfield County,Connecticut,340557,4.2,3.3,6.2,4.8,8.6,13.4,10.3,15.7,10.8,22.8,97053,159703,37.1,CT
Hartford County,Connecticut,353234,6.5,3.7,7,7,9.9,15.7,12.9,17.7,9.4,10.3,75381,101930,36.9,CT
Litchfield County,Connecticut,73969,2.9,3.4,5.7,7,10.1,17.2,12.8,17.9,11.3,11.6,81195,112372,42,CT
Middlesex County,Connecticut,66884,5.5,2.8,7.8,7.5,9.6,16.2,11.1,17.5,11.1,11,76518,100657,28.2,CT
New Haven County,Connecticut,329006,6.1,4.4,9.3,7.8,10.3,15.2,12.6,16.4,8.4,9.4,69751,94695,39.9,CT
New London County,Connecticut,109752,3.9,2.3,6.8,7.7,11.8,17.3,14.3,18.3,8,9.7,75633,98102,32.7,CT
Tolland County,Connecticut,56749,5.3,2.2,4.7,6.5,8.4,13.7,12.1,22,10.9,14.1,91028,118561,32.6,CT
Windham County,Connecticut,47015,6.8,3.8,8,9.5,13.5,15.1,15.3,15.3,6.8,5.9,62106,80332,37.5,CT
Kent County,Delaware,68023,6,6.2,7.5,7.8,15.6,19.9,12.6,15.7,6.5,2.1,58001,71690,35.3,DE
New Castle County,Delaware,211592,5.7,2.6,6.3,6.3,9.8,18.4,13.9,17.5,9.6,9.8,76328,100948,47.1,DE
Sussex County,Delaware,96624,4.4,4,8.3,8.8,13.9,16.9,13.7,16.9,7.4,5.7,65155,88437,35.5,DE
District of Columbia,District of Columbia,291570,8,3.3,4.9,4.6,8.5,12.1,11,16.2,10.6,20.7,92266,135369,29.9,DC
Alachua County,Florida,103024,11.1,4.3,11.3,9.6,14.3,15.3,10.4,13.6,4.1,6.1,49534,73143,27.4,FL
Bay County,Florida,69195,6.6,2.8,7.1,7.8,14.4,22.6,15.7,12.4,6.2,4.2,59450,76106,33.2,FL
Brevard County,Florida,230043,4.2,3.7,9,10.1,16.3,18.6,12.8,13.7,6.4,5.4,57305,78841,39.5,FL
Broward County,Florida,705472,6.3,4.2,8.3,8.9,13.2,18,12.4,14.4,6.4,8,61502,88786,36,FL
Charlotte County,Florida,76589,5.2,3.7,13.2,10,14.8,17.5,12.6,13.8,4.8,4.4,54652,74773,34.4,FL
Citrus County,Florida,64448,8.1,5,11.8,11.8,12.4,20.8,12,10.3,4.2,3.4,50751,65270,35.6,FL
Clay County,Florida,75793,3.2,1.7,6.3,6,11.8,19.1,17,19.6,9.4,5.9,76687,93365,40.3,FL
Collier County,Florida,140578,4.8,3.8,5.8,8.7,10.6,15.5,13,17.3,7.4,13.1,76025,121643,36.4,FL
Columbia County,Florida,25240,7.1,4.7,15,10.5,15.4,18.4,9.2,12.3,4.8,2.6,47094,62768,46,FL
Duval County,Florida,368668,6.8,3.8,8.8,9.5,13.8,19.4,13.1,13.7,5.7,5.5,58415,79366,42.3,FL
Escambia County,Florida,120618,6.5,4.5,10.7,10.1,15,18.9,11.9,13.9,4.2,4.2,53136,73632,34.1,FL
Flagler County,Florida,44464,3.7,2.9,11.6,10,14.3,19,11.8,15.2,6.8,4.8,60204,79514,46.8,FL
Hernando County,Florida,78755,6,5.6,11.2,9.9,16.1,20.2,12.2,13.1,3.7,2.1,51031,62821,34.7,FL
Highlands County,Florida,43351,7.2,6,11.3,8.2,18.2,22.2,11.2,10.1,3.3,2.4,48698,65399,38.7,FL
Hillsborough County,Florida,541584,7,3.4,7.9,9.3,12.9,19.3,12.2,14.7,5.5,7.7,61154,84812,37.1,FL
Indian River County,Florida,63917,5.6,3,11,9.7,13.8,17.7,13.3,13.8,5.7,6.3,59782,87627,37.1,FL
Lake County,Florida,139192,4,3.5,8.1,12.8,14,20.2,13.7,14.1,5.9,3.7,57588,75726,27.4,FL
Lee County,Florida,286887,4.6,3.3,8.3,8.8,13.2,20.3,14.4,14.4,5.4,7.3,62240,88514,33.3,FL
Leon County,Florida,116283,9.2,5.3,9.3,10,11.6,19.3,11,13.2,5.2,6,54929,75969,43.1,FL
Manatee County,Florida,145171,3.9,2.6,9.3,8.9,13.7,17.9,13.4,16.4,5.8,8.1,64499,92213,32.7,FL
Marion County,Florida,145622,6.6,3.8,13.4,9.4,17,21,12.8,9.9,3,3,49576,64731,34.2,FL
Martin County,Florida,65014,4.3,3.5,7.4,9.1,11.7,15.7,14.7,16.1,7.5,10,70842,110379,36.8,FL
Miami-Dade County,Florida,912805,8,5.3,9.8,10.3,12.2,18,11.5,12.8,5.3,6.8,55171,82803,38.7,FL
Monroe County,Florida,32839,4.7,3.8,6.6,8.3,10.3,18.9,11.3,18.5,7.5,10.2,68589,106365,53,FL
Nassau County,Florida,35212,4.4,3.2,4.4,10.4,11.1,19.6,15.1,18.1,7.6,6.2,70939,87206,41.8,FL
Okaloosa County,Florida,76097,3.7,2.8,6.6,9.7,14.8,18.6,14.9,16.2,5.5,7.2,64222,85766,30,FL
Orange County,Florida,457949,4.9,3.5,7.6,9,13.9,19.7,13.6,14.7,5.8,7.2,63461,88304,35.8,FL
Osceola County,Florida,111539,5.3,3.8,10.8,9,18.9,21.9,12.3,10.7,4.3,3,51760,68266,44.8,FL
Palm Beach County,Florida,568915,5.2,4.1,8.1,8.4,12.4,16.3,12.2,15.6,6.7,11,66623,101876,42.6,FL
Pasco County,Florida,212856,5.7,4.3,10.2,9.8,15.4,17.8,12.6,14.2,5.2,4.7,55828,73875,30.3,FL
Pinellas County,Florida,395286,6.1,4.1,8.9,9.6,14.5,17.7,13.7,13.4,5.3,6.7,56737,83277,36.9,FL
Polk County,Florida,238629,6.1,4.5,11.4,11.2,14.4,20.5,13.5,11.5,3.6,3.3,51833,67906,46.6,FL
Putnam County,Florida,30866,8.2,4.6,12.4,14.7,16.7,23.5,7.5,8.5,3.1,0.9,42899,54394,43.5,FL
St. Johns County,Florida,94761,2.7,1.5,6,5.9,9.8,15.2,12.8,21.3,8.2,16.4,90356,122115,41.5,FL
St. Lucie County,Florida,116900,4.1,5.5,8.8,11.5,12.6,20.4,13.9,14.6,5.6,2.8,58039,72610,36.7,FL
Santa Rosa County,Florida,66187,4.8,3.5,9.4,10.1,10.8,17.7,15.9,16,5,6.8,64930,83717,32.1,FL
Sarasota County,Florida,187411,3.3,3,8.2,7.8,13.5,19.9,14.6,16.1,5.6,8,66342,94576,44.5,FL
Seminole County,Florida,181142,4.2,2.4,7.1,7.8,13.1,18.7,14.3,15.1,8,9.3,70190,95285,31.9,FL
Sumter County,Florida,59458,4.6,3.9,7.9,11,11.9,22.5,14.6,12,6.5,5.1,60287,83298,33.7,FL
Volusia County,Florida,219451,5.6,5,9.9,12.1,14.2,19.8,13.4,12.1,3.9,4,53766,70972,46.6,FL
Walton County,Florida,26475,5.4,4,7.7,7.1,18.8,15.4,16.6,13.1,5.6,6.4,60457,79647,29.1,FL
Barrow County,Georgia,27765,5.9,3.3,5.5,7.9,10.4,23.3,16.5,18.9,6.2,2.2,69890,77081,33.6,GA
Bartow County,Georgia,39742,9.2,7.1,5.9,8.6,11.3,22.8,12.7,14.8,4.4,3.3,59911,70644,34.6,GA
Bibb County,Georgia,56726,10.9,6.3,10.6,13.4,14.4,14.5,10.9,10.8,4.2,4,42140,67678,45.3,GA
Bulloch County,Georgia,28660,5.9,6.4,11.7,10.7,14.6,25.8,12.3,7.3,2,3.3,50436,61191,35.3,GA
Carroll County,Georgia,42798,7,3.1,9.4,7.8,14.5,20.8,16.4,14.2,4.3,2.5,61133,69895,29.6,GA
Catoosa County,Georgia,24130,5.1,5.6,5.5,10.3,13.4,23.9,15.2,14,3.4,3.5,61487,71692,28.6,GA
Chatham County,Georgia,107987,6.6,5.2,11,9,11.7,19.3,12.6,14.4,4.2,6.1,57611,80418,45.5,GA
Cherokee County,Georgia,93441,3.3,2.6,6.7,6.5,5.9,18.9,14,21.8,11,9.2,86404,101950,32,GA
Clarke County,Georgia,52124,11.2,8.2,14.8,11.1,12.9,16,8.6,8.9,3.8,4.6,39799,64933,41,GA
Clayton County,Georgia,97030,6.6,4.3,11,9,17.2,25.2,10.5,11.5,3.6,1.2,51093,60225,48.9,GA
Cobb County,Georgia,286952,3.7,2.3,4.6,7.5,11.6,17.4,14.2,17,10,11.7,79601,108459,32.4,GA
Columbia County,Georgia,46890,1.7,0.9,4.8,7.8,6.2,18.1,17,23.6,8.9,10.9,88761,111034,31.2,GA
Coweta County,Georgia,53640,4.4,4.6,7.1,5.6,9.6,16.8,14.6,22.1,10.3,4.9,78423,90034,41.2,GA
DeKalb County,Georgia,289829,5.6,3.3,8.5,9.4,13.1,17.1,12.7,13.3,6.5,10.5,63652,94336,27.6,GA
Dougherty County,Georgia,32630,14.9,9,15.8,10.2,14.7,15.2,8.2,8.3,1.9,1.9,35062,51382,44,GA
Douglas County,Georgia,48899,4.7,3.1,6.9,8.3,17.3,17.9,15.3,15.4,6.4,4.7,62669,80676,33.4,GA
Fayette County,Georgia,41253,2.3,1.9,2.3,6.4,8.3,18.4,14.6,19.3,10.2,16.3,92172,128190,35.7,GA
Floyd County,Georgia,35443,6.1,4.1,13.9,11.4,14.1,18.1,11.9,12.9,4.4,3.2,50880,68905,27.8,GA
Forsyth County,Georgia,81765,1.8,1.2,4.2,4.1,6.4,14.4,11.2,22.5,15.3,18.9,112108,134249,28,GA
Fulton County,Georgia,439578,6.3,3.4,6.7,6.3,10.2,14.4,11.3,16.1,9.1,16.2,80013,125680,32.7,GA
Glynn County,Georgia,34614,5.8,3.8,13,9.7,8.3,22,10.4,16.7,4.9,5.5,59004,82009,38.4,GA
Gwinnett County,Georgia,301471,3.7,2.2,5.8,7.9,12.4,19.7,13.7,18.4,8.5,7.6,72109,93401,36.8,GA
Hall County,Georgia,65625,2.2,3.9,8.1,9.4,12,19.6,11.8,17.9,7.1,7.9,67467,96366,36.5,GA
Henry County,Georgia,79550,3.2,2.2,4.7,8.2,11.2,21.9,15.1,20.5,7,6,71939,90267,34.9,GA
Houston County,Georgia,58417,7.1,3.6,6.1,9.1,13.1,18,15.5,16.1,7.3,4.1,66740,77442,41.8,GA
Jackson County,Georgia,25180,8.2,3.9,6.8,9.8,10.9,15.3,14.8,17.7,5.9,6.6,65063,84923,31.7,GA
Lowndes County,Georgia,42639,8.1,3.8,13.1,14.9,13.6,20,12.1,8.4,2.9,3.2,45683,62009,61.6,GA
Muscogee County,Georgia,73134,10.2,5.2,10.7,13,13.9,18.6,10.2,9.9,3.1,5.2,46934,70702,48.3,GA
Newton County,Georgia,37867,5.6,4.8,10.7,9.5,14,22.9,9.7,15.3,4.4,3.2,57254,70273,35.7,GA
Paulding County,Georgia,56476,5.4,0.9,5.8,5.1,12.6,19.2,17.9,22.5,7.8,2.7,75800,82879,33.1,GA
Richmond County,Georgia,68361,7.8,7.6,10.9,12.1,16.4,20.4,10.6,9.1,2.3,2.9,44973,59361,40.5,GA
Rockdale County,Georgia,32792,7.4,2.4,6.8,8.4,16.6,17.3,14,18.6,2.2,6.3,60560,78651,52.9,GA
Spalding County,Georgia,25339,5.5,5.5,11.6,10.8,14.8,21.2,12.5,9.3,4.5,4.2,51677,68860,31.3,GA
Troup County,Georgia,24436,12.9,5.2,11.3,10.2,12.8,18.3,10.9,11.8,2.7,4,46198,62990,39.4,GA
Walker County,Georgia,26760,3.6,8.5,13.5,12.5,12.7,22.5,12.6,9.6,2,2.4,47856,58818,22.2,GA
Walton County,Georgia,33350,4.5,2,9.9,6.6,15.2,16.9,13,16.9,11.8,3.4,66176,82283,40.7,GA
Whitfield County,Georgia,34518,4.3,5.9,9.5,13.2,15.5,18.8,13.1,11.4,3.4,5,52198,72484,34.6,GA
Hawaii County,Hawaii,71193,6.2,4,10.4,7.7,9.9,16.2,13.1,16.7,8.7,7.1,67075,88393,39,HI
Honolulu County,Hawaii,316456,4.6,2.5,4.9,6.1,8.2,16.7,13.5,20.7,10.7,12.2,87470,111776,40,HI
Kauai County,Hawaii,22898,4.8,1,6.7,5,11.6,18.1,11.9,23.1,9.2,8.5,81971,100559,47.1,HI
Maui County,Hawaii,54744,6,2.1,5.7,6.6,8.6,18,14.7,18.7,10.4,9.1,80754,99883,42.5,HI
Ada County,Idaho,184160,3.7,2.5,6.2,8.5,11.7,18.9,15,16.7,8.2,8.6,72021,96684,26.1,ID
Bannock County,Idaho,32010,5.7,5.7,11.8,11,13.7,20.2,10.5,14.6,5.1,1.8,51989,65404,31,ID
Bonneville County,Idaho,40776,4.9,3.7,10.5,6.1,14.7,17.5,12.5,18.3,6.3,5.3,64618,84685,30.4,ID
Canyon County,Idaho,77449,3.3,3.7,7.9,10.4,15,23.3,15.2,14.7,3.2,3.2,58945,71937,32.8,ID
Kootenai County,Idaho,65283,2.8,2.1,10.4,9.8,12.9,24.2,13.9,16.1,3.7,4.1,62579,74659,27,ID
Twin Falls County,Idaho,31850,4.8,4.8,10.1,9.7,13.5,23.8,15.5,10.7,2.9,4.2,56276,72044,30.6,ID
Adams County,Illinois,26993,6.3,2.4,7.6,8.7,18.1,19.8,16.6,13.5,4.3,2.5,55727,70658,33.3,IL
Champaign County,Illinois,81764,10.1,4.1,11.7,8.4,12.1,17.8,10.3,13.3,6.1,6,52405,74061,33.3,IL
Cook County,Illinois,1985613,7,4,7.9,8.2,10.5,15.7,12.1,16.2,8,10.5,69429,100785,38,IL
DeKalb County,Illinois,39330,8.9,1.7,9.8,8.4,9.6,18.3,13.4,16.7,7.7,5.4,64131,79542,29.8,IL
DuPage County,Illinois,342195,2.6,1.8,5.1,5.4,9,15.2,12.8,21,11.8,15.4,96403,126800,33.1,IL
Kane County,Illinois,182223,3.3,2.4,5.8,6.3,10.7,16.4,14.1,21.4,8.4,11.3,84368,107823,39.6,IL
Kankakee County,Illinois,39583,6.1,3.1,8.7,8,16.7,15.3,15.5,18.5,5.5,2.7,60923,73666,37.6,IL
Kendall County,Illinois,41364,1,0.3,4.8,4.3,6.2,16.5,12.9,29.9,14.9,9.2,104858,114034,32.3,IL
Lake County,Illinois,247661,3.7,2.5,5.3,5.3,10,14.3,12.4,18.3,11,17.2,92511,129550,35.9,IL
LaSalle County,Illinois,45411,6.4,3.6,9.7,9.7,13.7,19.7,14.3,14.8,5.2,2.9,59130,71489,33.3,IL
McHenry County,Illinois,112669,2.2,1.9,5.1,5,10.4,17.1,15.1,20,12.2,10.9,88879,108205,30.3,IL
McLean County,Illinois,65118,11.6,2.5,6.9,6,10.2,16.7,13.2,18,7.4,7.5,68784,88239,26,IL
Macon County,Illinois,42741,11.7,4.1,8,10.7,14.7,17.5,13.2,12.8,2.9,4.4,50839,69620,27.5,IL
Madison County,Illinois,108104,5,3.4,8.8,9.4,11.2,17.2,14.1,17.6,6.5,6.8,67440,87113,32.4,IL
Peoria County,Illinois,73666,8,4.4,10.1,8.7,13.2,17.1,12.5,13.4,6,6.5,57247,82292,30.5,IL
Rock Island County,Illinois,60618,6.9,6.4,8.3,8.4,13.5,18.7,13.7,17,4.4,2.8,58313,70342,42.7,IL
St. Clair County,Illinois,106156,7.5,3.1,10.1,9.8,14.2,16,13.7,12.8,7.6,5.1,57169,77996,42.5,IL
Sangamon County,Illinois,83263,5.8,4.2,8.1,9.8,13.1,17.8,13,17,6.3,5,61280,80923,41,IL
Tazewell County,Illinois,53127,3.3,3.4,9.1,9.3,12.2,20.8,13.9,17.6,5.9,4.4,65848,78686,33,IL
Vermilion County,Illinois,31154,6.9,3.8,14.2,14.2,17.9,17.3,10.8,10.8,1.7,2.5,43111,58935,46.6,IL
Will County,Illinois,230136,2.8,2.2,6,4.8,9.5,14.9,15,22,11.4,11.2,90134,108439,36.7,IL
Williamson County,Illinois,27650,4.5,5.1,10.3,9,14.8,17.1,13.5,16.8,3.4,5.4,58097,75721,29.8,IL
Winnebago County,Illinois,114833,6.8,4.7,9.8,9.5,12.2,18.5,12.9,16.1,6,3.5,59455,73962,31.2,IL
Allen County,Indiana,146280,4.9,3.7,8.3,10.9,16.1,19.9,12.8,14.2,5.1,4.1,56519,76589,30.8,IN
Bartholomew County,Indiana,30383,3.6,3,10.1,6.7,11.5,17.7,18.6,15.6,5.9,7.3,72555,87331,33.5,IN
Boone County,Indiana,26803,5.2,5.2,4.9,6.5,10.2,19,13.3,13,7.2,15.4,70813,126100,30.2,IN
Clark County,Indiana,43704,4.1,2.7,8.8,14.1,13.7,20.4,14.9,13.9,5.3,2.1,59064,73922,26,IN
Delaware County,Indiana,45640,8.6,6.6,11.9,13.3,13.8,18.2,11.2,11.4,2.6,2.4,45065,61483,27.3,IN
Elkhart County,Indiana,68553,7.3,3.9,10.3,9.9,14.2,19.3,12.1,15,4.1,4,54531,72420,48.9,IN
Floyd County,Indiana,28544,5.1,4.7,8,7.9,12.6,21,13.6,14.4,8,4.7,63219,81305,26,IN
Grant County,Indiana,27127,6.4,5.5,12.3,10.5,18.5,18.6,11.1,12,3.1,1.9,47206,60754,36.4,IN
Hamilton County,Indiana,125328,2.8,1.6,3.3,4.3,8.1,15.3,12.2,20.8,13.5,18.3,105062,138826,26.1,IN
Hancock County,Indiana,28985,3.9,1.6,7.4,5.8,14.3,19,13.2,19.9,8.3,6.6,69392,89907,33.2,IN
Hendricks County,Indiana,61105,2.1,1.7,4,6.7,9.8,18,16.5,22.9,10.9,7.4,85381,108107,33.9,IN
Howard County,Indiana,34151,5.6,3,12.2,8.8,15.6,21.7,12.6,13.3,5.1,2,53440,64442,40.8,IN
Johnson County,Indiana,57160,2.7,2,6,7.3,12.1,20.7,12.8,21,9.1,6.2,73651,95661,32,IN
Kosciusko County,Indiana,30991,4.6,3.8,8.6,8.9,12.8,19.9,15.5,16.6,6,3.2,64099,77934,33.6,IN
Lake County,Indiana,190135,7.6,4.2,8.5,10.6,12.5,19.4,10.9,16.2,6,4.3,57081,77171,37.5,IN
LaPorte County,Indiana,43100,4.1,4.8,10.1,13,11.2,20,10.7,17.6,5.1,3.4,56019,73242,38.2,IN
Madison County,Indiana,51164,6,4.2,11.5,8.5,15.2,22.8,13.2,13.8,2.9,2,55142,65461,37.8,IN
Marion County,Indiana,379451,8.5,4.5,10.6,10.5,15.4,18.1,11.9,11.8,4.8,4,50458,71045,36.9,IN
Monroe County,Indiana,54053,9.6,5.3,11.7,7.7,12,17,12.4,13.6,5.1,5.6,52453,73462,29.5,IN
Morgan County,Indiana,25863,5.2,3.1,5.5,9.2,11.7,23.8,11.7,17.5,4.7,7.6,62862,87745,36,IN
Porter County,Indiana,65305,4.3,1.4,7,8.5,11.7,18.1,14.6,20.7,7.1,6.6,72483,92719,28.1,IN
St. Joseph County,Indiana,105250,8.1,4.8,9.7,9.9,13.6,19.6,11.6,14.3,4.6,3.7,53456,74003,34.1,IN
Tippecanoe County,Indiana,73916,9,3.8,13.1,9.6,15.2,17.4,10.6,13.5,3.7,4.1,49352,70167,24.1,IN
Vanderburgh County,Indiana,75522,6,4.5,11.5,11.2,14.8,19.9,13,11.3,3.7,4,51350,72542,33.6,IN
Vigo County,Indiana,42193,9.7,6.4,13.8,8.6,13.1,18.4,11.9,10.8,3.4,3.8,48013,65988,32.9,IN
Wayne County,Indiana,27561,4.9,6.1,13.4,9.8,17.7,21.3,11.4,10.6,2.9,2,47944,61176,28.3,IN
Black Hawk County,Iowa,51869,6.7,3.4,7.5,8.9,14.5,20.6,13.2,14.1,5.2,5.9,60506,83308,35.3,IA
Dallas County,Iowa,36878,1.1,2.2,5,3.7,8.4,17.4,15.6,23.2,10.3,13.1,94885,119627,31.3,IA
Dubuque County,Iowa,38345,6,4.5,7.7,7.9,13.2,19.6,14.6,16.7,4.6,5.3,62178,80313,31.8,IA
Johnson County,Iowa,60782,9,3.2,7.3,10,10.6,15,12.3,16.2,6.4,10.1,66011,99179,28.6,IA
Linn County,Iowa,93843,4.2,4.1,8.8,8.7,12.6,19.9,14.2,16.4,6.4,4.7,63559,80404,29.2,IA
Polk County,Iowa,197731,4,3.1,6.5,9.2,13.3,19.7,13.4,16.7,7.9,6.1,66918,87952,32.3,IA
Pottawattamie County,Iowa,37344,5.2,5,7.9,11.8,12.3,18.8,16.5,14.7,3.9,3.9,60056,72350,31.9,IA
Scott County,Iowa,68534,5.3,4.1,9.2,7.3,12.6,18.3,12.1,17.3,5.9,7.9,65122,90210,30.1,IA
Story County,Iowa,39168,8.6,5.6,7.3,7.9,13.7,17.3,12.3,15.8,6.4,5.2,63107,79726,32.7,IA
Woodbury County,Iowa,39733,5.3,3.6,9.5,10.6,13.6,16.7,16.1,17.3,4.1,3.1,58945,71578,45.9,IA
Butler County,Kansas,25004,4.4,4.9,6.7,9.3,14.5,18.8,14.6,17.8,4.1,5.1,61951,82866,30.9,KS
Douglas County,Kansas,48508,6,3.2,7.7,8.6,14.6,18.6,14.1,14.5,5.2,7.6,64233,84149,26.1,KS
Johnson County,Kansas,231960,1.9,2.3,4.4,5.7,7.7,16.4,16.6,19.6,11.1,14.3,91771,121929,24.7,KS
Leavenworth County,Kansas,27860,6,4.3,4.8,6,9.6,17.5,15.7,21.7,8.8,5.5,77070,89525,33.8,KS
Riley County,Kansas,25662,7,5.4,14.5,8.1,13.8,21.8,9.8,11.9,4.2,3.6,50920,66449,27.4,KS
Sedgwick County,Kansas,199517,5.7,4.5,8.6,9,13.6,19.9,12.2,16.2,5.5,4.7,59716,78411,30.7,KS
Shawnee County,Kansas,73172,5.3,2.6,8.1,10.3,15.7,20.6,13.3,14,5,5.2,59441,78471,33.1,KS
Wyandotte County,Kansas,61248,8.8,6.1,10.8,12.3,15.5,18,12.7,10.7,3.3,1.8,46964,58167,35,KS
Boone County,Kentucky,48770,3.2,2.8,6.4,6.5,11,19.7,12.9,22.4,8.7,6.4,76443,95188,31.1,KY
Bullitt County,Kentucky,30553,3.6,2.2,8.1,8.1,9.9,24.3,17.7,16.4,5.4,4.3,65560,80659,31.6,KY
Campbell County,Kentucky,38110,3.9,6.7,8,8.9,10.3,17.3,14.7,15.8,7.3,7.2,66439,90484,30,KY
Christian County,Kentucky,26209,12,5.8,10.1,9.6,14.4,20.1,13.6,8.2,3.1,3.1,47445,60690,34.2,KY
Daviess County,Kentucky,40800,8,4.4,12.1,10.8,13.5,17.2,15.3,11.6,3.1,4,50964,71078,33.6,KY
Fayette County,Kentucky,131929,6.6,3.7,10.1,8.9,12.5,18.9,12.3,14.2,6.4,6.4,58356,84149,25.7,KY
Hardin County,Kentucky,42644,5.4,2.1,9.8,8.8,17.6,21.3,11.5,16.8,3.2,3.6,57463,72907,29.4,KY
Jefferson County,Kentucky,316174,6.4,4.1,9.3,9.7,13.3,19.1,13,13.6,5.8,5.7,59049,81043,32.1,KY
Kenton County,Kentucky,65362,4.6,4.2,7.2,7.3,14,16.1,13,20,7.9,5.6,68849,89473,29.2,KY
McCracken County,Kentucky,28363,6.8,6.4,13.2,14.8,13,18.9,9,11.9,2.6,3.5,45084,69078,40.2,KY
Madison County,Kentucky,34270,8.7,5.7,13.8,10.7,11.9,17.3,12.1,11.5,4.7,3.5,49421,68898,33,KY
Oldham County,Kentucky,20761,2.6,0.4,7.2,2.4,8.4,15.6,13.8,21.3,11.9,16.4,97968,133900,32.7,KY
Warren County,Kentucky,50489,6.5,4.8,9.2,11.2,14.8,20.6,12.3,13.1,3.6,4,52645,74776,23.8,KY
Ascension Parish,Louisiana,44267,3.8,3.1,6,7.6,9.6,13.2,14.7,19.8,12.7,9.7,85425,105975,54.3,LA
Bossier Parish,Louisiana,49735,6.1,6.2,12.8,9.9,15,16.4,13.3,11.5,4.3,4.5,49962,69729,47.2,LA
Caddo Parish,Louisiana,92589,13.4,6.9,13,9.2,11,15.3,10.1,11.8,4.4,4.7,45537,69968,51.7,LA
Calcasieu Parish,Louisiana,77232,10.3,4.6,12.1,10.2,11.3,15.3,11,14.1,5.8,5.2,51246,76975,50.3,LA
East Baton Rouge Parish,Louisiana,161536,8.7,5.6,9.7,9.6,11.4,16.8,12,12.7,6.4,7.1,56451,82783,40,LA
Iberia Parish,Louisiana,26185,12.1,2.5,15.1,7.7,11.5,19,11.9,15.2,2.9,2,50991,63066,29.4,LA
Jefferson Parish,Louisiana,171991,6.2,4.8,9.9,11.2,12.7,18.7,12,14.7,5.1,4.8,56069,74204,48.3,LA
Lafayette Parish,Louisiana,94490,8.6,4.3,10.6,8.6,11.2,15.1,12.9,14.9,6.4,7.3,60567,83575,34,LA
Lafourche Parish,Louisiana,36759,8.1,3.8,14,8.4,14.5,15.3,15.7,12.6,4.5,3.2,51339,68225,31,LA
Livingston Parish,Louisiana,47014,9.8,2.9,8.1,7.2,11.4,17.2,12.2,23.2,4.8,3.3,62187,76802,36,LA
Orleans Parish,Louisiana,151753,16.5,5.8,11,8.9,10.2,15.1,8.6,10.9,5.3,7.7,45615,77676,41.1,LA
Ouachita Parish,Louisiana,57835,13.8,6.7,11.2,11.8,13.7,16.7,9.9,7.9,4.4,3.8,41137,64077,43.9,LA
Rapides Parish,Louisiana,48975,6.8,5.2,12.6,9,15.8,21.6,9.5,12.7,4.2,2.6,50490,68816,36.2,LA
St. Landry Parish,Louisiana,30441,12.2,7.6,14.5,9,17.9,12.2,13.4,8.6,3.3,1.5,38681,53665,74.1,LA
St. Tammany Parish,Louisiana,94988,4.9,4.3,7.7,8,11.9,17.1,14.7,16.5,6.8,8.1,69076,88518,29.7,LA
Tangipahoa Parish,Louisiana,46526,7.5,8.4,11.6,15.1,8.1,13.3,15.2,11.3,6,3.4,47825,65721,26.9,LA
Terrebonne Parish,Louisiana,40173,10.3,2.8,14.6,10.6,13.1,13.7,10.5,13.3,7,4.1,48446,73594,33.4,LA
Androscoggin County,Maine,45924,3.4,4.5,7.5,9.6,17.1,16.5,15.9,15,7.3,3.2,63813,77447,25.5,ME
Aroostook County,Maine,30197,8.8,9.2,15.3,13.4,12.6,18.8,11.3,5.7,2.2,2.6,38768,52681,31.5,ME
Cumberland County,Maine,124925,4.6,2.5,6.5,8.2,9.9,17.7,13.5,17.5,9,10.7,76059,102890,31.3,ME
Kennebec County,Maine,54480,6.3,5.1,9.5,9.1,15.5,17.5,14.7,14.6,3.5,4.2,55389,73143,29,ME
Penobscot County,Maine,64096,3.7,6,13,10.3,16.5,17,12,13.2,4.6,3.7,50449,69161,30.7,ME
York County,Maine,86227,3.7,2.7,8.6,8.8,12.7,19.2,15.3,17.8,6.1,5.3,66648,83215,32.8,ME
Allegany County,Maryland,26549,8.8,5.8,11.2,11.9,13.2,19.7,14.1,10,3.7,1.7,48867,59856,34.6,MD
Anne Arundel County,Maryland,216200,2.1,1.3,4,4.8,6.6,15.9,14.3,21.2,13.4,16.5,101147,130006,30.4,MD
Baltimore County,Maryland,312466,5.3,2.3,6.1,6.4,10.5,18.2,13.6,18.5,8.7,10.3,77358,104484,36,MD
Calvert County,Maryland,32780,4.6,1.8,2.6,3.7,7.2,9.7,12.6,26,15.5,16.3,112380,126581,34.8,MD
Carroll County,Maryland,60617,1.9,1.7,5.1,5.9,7.8,13.3,12.4,26.6,11.8,13.5,103014,119439,30.4,MD
Cecil County,Maryland,38547,5.9,3.3,8.6,8.6,7.5,15.1,16.9,17.5,10.1,6.5,76441,92059,35.5,MD
Charles County,Maryland,57732,3,1.3,2.4,3.8,8,14.2,13.6,26.2,13.7,13.9,103932,124336,42.5,MD
Frederick County,Maryland,93768,1.8,2.1,3.4,4.8,8.9,13.8,13,25,13.4,13.8,103516,122496,32.2,MD
Harford County,Maryland,96203,3.4,2.2,4.5,4.8,8.8,15.2,14.6,22.4,11.3,12.7,92331,113104,32.8,MD
Howard County,Maryland,115772,3.4,1,4.1,3.5,5.7,10.3,11.7,20.6,13.7,26,121618,155431,27.4,MD
Montgomery County,Maryland,368897,3.4,2.1,4,5.2,6.2,12.2,12.1,18.4,12.5,23.9,110389,150841,30.6,MD
Prince George's County,Maryland,316361,4.2,2,4.6,5.8,9.5,17,15.3,21,10.7,9.9,86290,102569,41.5,MD
St. Mary's County,Maryland,40320,4.8,2,7,3.6,8.7,15.6,14,18.3,14.2,11.8,87947,113054,36.8,MD
Washington County,Maryland,56225,5.1,5.3,10.1,9.2,12.7,17.7,11.9,16,6.8,5.3,59140,78594,30.4,MD
Wicomico County,Maryland,38088,5.1,2.9,11.2,12.1,12.2,18.6,12.6,15.9,4.2,5.1,54402,76908,39.8,MD
Baltimore city,Maryland,242694,12.3,5.4,8.6,10.6,13.1,15.1,10.1,13.5,4.7,6.8,50177,75522,39.4,MD
Barnstable County,Massachusetts,96509,3.1,2.3,5,6,10.6,17.1,13.9,21.6,9.9,10.7,85042,111887,38.2,MA
Berkshire County,Massachusetts,53792,4.4,5.5,10.4,8.8,11.9,19.2,11,14.7,8.2,6,58895,83502,41.4,MA
Bristol County,Massachusetts,220528,6.3,4.7,9.2,7.7,10.5,14.1,12,17.7,9.4,8.3,70402,91524,45.8,MA
Essex County,Massachusetts,297898,4.3,3.8,7.3,6.2,9,14.1,13.7,16.4,10.1,15.1,83810,115702,42.3,MA
Franklin County,Massachusetts,30927,3.3,5.2,11.7,8.9,11.6,21.2,10.8,16.1,6.9,4.3,60018,78555,32.1,MA
Hampden County,Massachusetts,179970,7.1,6.5,9.7,8.8,11.1,16.6,11.2,16.5,6.4,6,60161,81547,41.1,MA
Hampshire County,Massachusetts,60002,5.1,2.8,8.5,6.3,11,16.5,13.9,19,8.9,8,74778,93705,35.6,MA
Middlesex County,Massachusetts,612366,4,2.7,4.6,4.5,7.2,12.5,11.3,19,13,21.3,107056,142727,34,MA
Norfolk County,Massachusetts,269717,4.1,2.7,5.4,4.1,7.5,11.4,11.2,20.5,12.9,20.3,107361,143929,37.7,MA
Plymouth County,Massachusetts,191041,3.7,3.7,5.4,6.1,7.6,14.9,12.9,19.9,11.1,14.6,90880,120462,41,MA
Suffolk County,Massachusetts,309945,9.4,5.4,6.5,5.9,8,13.3,10.5,15.2,10.9,14.9,77558,116061,41.5,MA
Worcester County,Massachusetts,316162,4.8,4.1,6.5,7.4,10,15.1,12.8,18.4,10.4,10.6,78345,101636,35.3,MA
Allegan County,Michigan,43667,4.1,3,8.4,9.2,12.5,20,16.2,19.2,3.9,3.5,66278,78236,37,MI
Bay County,Michigan,44887,7.3,3.7,9.1,12.5,18,15.9,13.3,12.1,4.9,3.2,49610,67223,36.9,MI
Berrien County,Michigan,61809,7.1,3.4,12.2,10.6,16.6,15.4,10.1,14.2,5.8,4.7,50153,76451,36.6,MI
Calhoun County,Michigan,53827,5.7,4.6,10.6,13.5,16.3,16.5,12.4,12.9,3.7,3.8,49055,68474,31.3,MI
Clinton County,Michigan,30070,5.4,1.5,6.3,9.4,12.4,18.4,11.9,17.4,9.8,7.6,69651,90001,30.3,MI
Eaton County,Michigan,44420,2.6,2.8,6.8,8.7,13.9,22.2,14.7,17.7,6.3,4.2,65409,83245,31.2,MI
Genesee County,Michigan,169247,8.6,4.9,9.8,10.9,15.3,19.1,12,11.6,4.2,3.4,50389,67405,37.3,MI
Grand Traverse County,Michigan,37408,2.9,1.4,9.7,9.4,14.1,19.6,16.9,14.2,5,6.9,65266,89263,29.6,MI
Ingham County,Michigan,114534,7.3,4.6,10.4,10.6,13.7,18,11.6,13.8,5.2,4.8,54395,73701,30.8,MI
Isabella County,Michigan,24690,11.5,6.2,12.1,11.9,12.4,17.3,11.7,9.7,4,3.1,45201,62070,32.8,MI
Jackson County,Michigan,61403,7.1,5.4,8.9,10,14.6,16.7,16.6,12,5.2,3.5,55124,72708,31.3,MI
Kalamazoo County,Michigan,103196,7.9,3.8,7,11.1,13.8,18.4,14.6,11.3,6.4,5.8,56441,79173,34.9,MI
Kent County,Michigan,245437,4.3,3.4,8,8.1,13.1,19.3,14.6,17.1,6.1,6.1,66532,87827,30.9,MI
Lapeer County,Michigan,33902,5.4,3,7.9,5.9,14.8,19.2,16,15.9,7.8,4.1,66263,81767,35.3,MI
Lenawee County,Michigan,38499,6.5,2.7,8.4,12.8,16.2,20.4,11.9,13.6,3.8,3.8,53865,69443,34.7,MI
Livingston County,Michigan,73502,1.9,1.7,6.1,6,9.8,17.3,14.4,21.9,10.3,10.4,86512,108976,27.3,MI
Macomb County,Michigan,351666,4.4,3.4,7.9,9.8,12.2,19.4,14.4,17.3,6.5,4.5,64947,80511,31.9,MI
Marquette County,Michigan,27981,4,4.2,9.2,8.8,17.4,23.2,14.6,12.4,2.9,3.2,55148,68330,32.6,MI
Midland County,Michigan,34350,5.4,3.9,6.7,7.4,13.3,17.5,15.8,14.9,7.8,7.3,69872,91373,28.1,MI
Monroe County,Michigan,60875,5.1,3.6,9.5,9.9,10.7,19,13,18.2,6.2,4.6,62839,82402,31.6,MI
Muskegon County,Michigan,66148,5.5,5.3,11.8,11.8,15.2,19.7,14.1,11.1,2.9,2.7,50366,66691,31.7,MI
Oakland County,Michigan,508464,3.8,3.2,6.3,7.1,9.7,15.9,13.8,17.9,9.7,12.7,81190,111724,37.4,MI
Ottawa County,Michigan,105004,3.2,1.9,8.1,6.7,13,20.6,14.9,17.8,8.2,5.5,68817,88831,32.4,MI
Saginaw County,Michigan,79050,6.9,4.5,11.7,12.8,16.1,18,10.9,11.6,4.3,3.3,48303,70446,32.8,MI
St. Clair County,Michigan,63806,4.9,4.5,7.8,11.7,12.8,18.2,13,16.7,6.5,4,59837,76638,33.2,MI
Shiawassee County,Michigan,26830,4.8,4.9,9.3,9.8,15.1,18.9,15.6,14.3,5.5,1.7,55249,70485,34.6,MI
Van Buren County,Michigan,30974,4.9,3,9.5,13.2,12.6,18.4,18.7,13.1,4,2.7,60549,70135,38.3,MI
Washtenaw County,Michigan,141680,5.7,3.9,5.6,7.3,9.2,17.4,13.2,16.7,8.6,12.4,76576,107685,30.4,MI
Wayne County,Michigan,689270,10,5.1,10.3,10.5,13.3,18.2,10.9,12.2,4.9,4.6,50753,70465,38.5,MI
Anoka County,Minnesota,131858,2.3,1.9,5.4,5.5,10.2,17.8,17.1,21.8,10,8.1,83353,101333,28.9,MN
Blue Earth County,Minnesota,26461,7,3.5,8.6,6.9,14.8,18.2,16.7,16.3,5.2,2.8,61133,75171,38.7,MN
Carver County,Minnesota,38860,2.2,2.2,4.2,5.1,8.1,13.5,13,21.5,12.4,17.9,101434,127548,26.1,MN
Crow Wing County,Minnesota,28012,5.7,3.6,9.2,9.5,12.4,22.7,14.2,14.7,4.3,3.8,60534,74086,27.2,MN
Dakota County,Minnesota,162895,3.5,1.9,4.7,6,10.3,15.7,13.6,22.4,10.6,11.5,88864,109318,26.8,MN
Hennepin County,Minnesota,517091,4.4,3.6,5.5,6.5,9.8,15.4,14.4,17.4,10,13.1,82369,112406,27.6,MN
Olmsted County,Minnesota,65635,2.3,2.5,5.7,7.5,11.6,17.7,12.5,19.6,9.7,10.8,80096,106347,31.4,MN
Ramsey County,Minnesota,206124,5.4,3.5,6.9,7.6,13,17.7,12.9,18.2,7.6,7,68871,90789,30.4,MN
Rice County,Minnesota,22861,4.2,4.7,6.1,6,12,17.5,18,17.9,6.7,6.8,72469,94139,29.9,MN
St. Louis County,Minnesota,86448,6.9,4.8,9.5,7.4,12.5,20.3,12.7,17.2,4.6,4.1,60434,74937,34.1,MN
Scott County,Minnesota,51474,1.2,2.1,2.8,5,9.7,13.4,11.2,23.3,13.9,17.4,108761,132258,25.6,MN
Sherburne County,Minnesota,32686,2.4,1.6,4.5,4.4,7.7,18.2,13.3,28.8,8.9,10.1,96210,112341,29.3,MN
Stearns County,Minnesota,59776,3.6,4.1,7.4,9.7,11.5,20.6,15.5,15.6,7.7,4.2,66558,82412,39.4,MN
Washington County,Minnesota,97059,3.1,1.8,4.4,4.4,7.5,14.5,13.9,23.3,12.5,14.6,100596,131166,27.6,MN
Wright County,Minnesota,49443,2.9,2.6,3.5,3.8,9.9,17.1,14.8,25.9,12.5,7.1,91707,104504,30.3,MN
DeSoto County,Mississippi,65220,2.5,2.8,8.3,8.6,13.1,20.2,16,16.6,7.8,4,66078,82611,33.4,MS
Forrest County,Mississippi,27340,9.5,8.7,11.4,15.7,15.9,19,6.5,7.5,2.9,3,39063,57488,28.6,MS
Harrison County,Mississippi,74628,8.4,4.6,13.4,11.1,12.4,18.9,10.7,13.7,3.8,3.1,50119,65457,36.3,MS
Hinds County,Mississippi,88471,9.1,5.7,13.7,9.9,15.5,20.5,9.8,9.6,3.5,2.8,44964,61797,40,MS
Jackson County,Mississippi,56323,3.7,4.6,10,13.5,15.1,16.9,14.1,13.3,4.5,4.1,52476,76123,35.3,MS
Jones County,Mississippi,24178,10.5,5.5,19.6,10.5,11.8,19.4,6.4,10.1,3.2,2.9,37594,60497,34.3,MS
Lauderdale County,Mississippi,29367,12.2,7.9,15.9,12.2,11.3,15.7,9.4,10.8,1.5,3.1,37497,60357,42.6,MS
Lee County,Mississippi,30378,6.2,5.3,11.4,11.2,16.2,16.9,12.6,10,4.3,5.9,49715,74109,40.3,MS
Madison County,Mississippi,40046,3.9,1.5,9.5,9.4,14,15.2,11.9,15.7,10.9,8,68171,96063,32.2,MS
Rankin County,Mississippi,57011,3.3,3.2,9.1,8.3,10.3,22.4,14.6,17,6.7,5,67012,82605,35,MS
Boone County,Missouri,70721,8.4,3.6,9.6,8.7,13.7,16.7,14.1,13.5,5.1,6.6,57013,77332,28.2,MO
Buchanan County,Missouri,33984,7.7,5.8,15,11.2,12.1,18.7,11.8,12,2.5,3.1,46922,62181,34.1,MO
Cape Girardeau County,Missouri,31335,4.9,6.3,10.1,10.4,12.3,19.7,15.1,13.5,3.6,4.3,57908,76207,34,MO
Cass County,Missouri,40544,1.5,5.6,8.8,5.4,11.3,18.2,16.3,19.5,7.6,5.7,72819,89307,31.5,MO
Christian County,Missouri,33227,4.4,6.4,8.1,10.1,11.8,18.3,15.2,15,5.7,5.1,62765,78788,37.6,MO
Clay County,Missouri,93066,3.2,2.2,7,8.2,14.6,18.6,14,20.3,7.5,4.5,70253,85262,31.5,MO
Cole County,Missouri,31437,7.3,4.1,7.8,6.4,12.6,23.1,14.6,17.6,2.8,3.6,61371,76584,30.6,MO
Franklin County,Missouri,42161,3.4,4.2,6.7,10.3,16.2,18.4,18.8,14.5,4.5,3.1,60953,74262,30.5,MO
Greene County,Missouri,133900,9.2,3.9,14.2,12.4,15,18.8,10.5,10.3,3.3,2.4,43752,63870,23.4,MO
Jackson County,Missouri,292571,7.3,3.9,10.2,8.8,13,18.7,12.8,15,5.7,4.5,57936,75915,33.9,MO
Jasper County,Missouri,45019,7.9,7.4,11.1,13.3,14.6,21.3,9.9,9.1,3,2.5,45010,60613,28.3,MO
Jefferson County,Missouri,83841,3.4,2.2,8.2,9.7,12.4,19.1,17.3,16.9,7.5,3.3,69009,79374,30.4,MO
Platte County,Missouri,40332,2.1,2.6,4.7,9.1,13,14.8,13.1,20.6,10,9.9,81712,100478,28,MO
St. Charles County,Missouri,150668,2.1,1.7,4.6,4.8,11.1,16,16.1,23.2,9.8,10.6,89146,106947,26.4,MO
St. Francois County,Missouri,24021,6.6,7.3,12.3,11.9,18.1,18.1,12.9,8.8,2.2,1.9,42390,59361,31.2,MO
St. Louis County,Missouri,410842,5,2.8,7.7,7.8,11.9,17.7,12.6,16.1,7.8,10.6,70022,103189,28.8,MO
St. Louis city,Missouri,146779,11.7,7.8,9.5,10.3,12.9,18.8,10.7,9.7,4.7,3.9,47176,64422,36.6,MO
Cascade County,Montana,32816,6.7,6,12.5,8.2,15,20.2,14,11.8,2.7,2.8,51227,64362,30.4,MT
Flathead County,Montana,40681,3.2,4.5,6.1,9.8,17,20.7,14.9,13.8,7.2,2.8,62588,78594,29.2,MT
Gallatin County,Montana,46990,4.1,3.6,7.1,8.2,9.4,17.2,15.8,20.9,6.7,7,75418,97931,35.2,MT
Lewis and Clark County,Montana,27405,3.8,4.4,12,7.5,13.1,14.8,14.4,17.9,6,6.3,67616,88558,26.2,MT
Missoula County,Montana,50853,4.7,5.6,9,7.5,16,20.3,13.7,12.4,5.7,5.2,57347,78557,33.8,MT
Yellowstone County,Montana,69989,4.1,3.4,12.4,7.5,12.8,19.9,11.8,14.5,7.2,6.3,61186,88264,29.1,MT
Douglas County,Nebraska,222819,5.3,3.3,7.7,8,11.9,19,14.4,16.8,6.8,6.9,67133,89637,29.4,NE
Lancaster County,Nebraska,128385,5.1,3.4,7.8,9.6,13.7,20.8,12.4,14.5,6.1,6.5,61175,84839,35.7,NE
Sarpy County,Nebraska,68947,2.3,2.8,5.8,4.9,9.9,16.3,17.7,22.8,9.4,8,83720,100778,29.8,NE
Clark County,Nevada,813607,6.6,3.8,7.7,8.3,13.2,19,13.6,15.3,6,6.5,62107,85925,39.6,NV
Washoe County,Nevada,191091,4.2,3.7,8.2,6.8,11,17.7,14.8,18.8,7,7.8,71881,97948,33.8,NV
Cheshire County,New Hampshire,29698,4.9,2.7,7.1,7.8,15.6,18.2,16,18.7,3.6,5.4,66088,80523,30.1,NH
Grafton County,New Hampshire,35780,6,5.8,7.7,9.1,13.9,17.4,11.3,15,4,9.9,60588,89633,31.3,NH
Hillsborough County,New Hampshire,162588,3.4,3.1,5.1,6.7,10,16.4,12.6,21,10.8,10.9,83626,104958,30,NH
Merrimack County,New Hampshire,60017,3,4.6,6.5,7.6,11.4,16.1,16.1,18,9.2,7.4,76218,93295,30.5,NH
Rockingham County,New Hampshire,124212,3.2,1.4,5.6,4.5,9.8,16.1,13.5,19.5,12,14.5,91249,122403,31.2,NH
Strafford County,New Hampshire,50584,4.1,2.9,6.3,7.8,9.6,20.8,12.9,19.4,9.4,6.8,71765,91811,35.8,NH
Atlantic County,New Jersey,101975,6.5,3.7,8.9,8.2,13,16.8,12,16.2,7.5,7.2,63389,93192,37,NJ
Bergen County,New Jersey,343733,3.4,1.9,4.5,4.6,8.1,12,11.4,19.5,12.7,21.8,108827,147611,42,NJ
Burlington County,New Jersey,170074,2.5,1.5,5.6,5.6,9.3,17,14.8,19.7,11.3,12.9,88797,114940,35.3,NJ
Camden County,New Jersey,187780,6.2,3.4,7.5,7.6,9.8,16.5,11.8,18.6,8.4,10.1,73672,100804,36.2,NJ
Cape May County,New Jersey,40939,4.2,3.3,6.8,8.6,13.2,16.2,12.1,16.6,8.5,10.5,69980,98993,37.4,NJ
Cumberland County,New Jersey,51360,7.5,4.9,9.4,9.2,10.6,21.9,10.8,16.8,4.5,4.3,54587,82821,39.2,NJ
Essex County,New Jersey,295976,8.4,4.3,7.8,8.3,10.3,16.4,10.6,13.5,7.3,13,64626,106759,42.3,NJ
Gloucester County,New Jersey,106705,3.8,2.6,6.5,7.1,8,14.7,14,19.8,11.7,11.8,89447,107975,33.2,NJ
Hudson County,New Jersey,266664,6.2,4.7,7.3,6.2,9.4,14.5,12.1,16.7,8.8,14.1,78808,110580,36.5,NJ
Hunterdon County,New Jersey,47901,1.8,1.4,3.5,6.2,5.7,13.3,10.8,19.7,13.3,24.2,116155,154256,31,NJ
Mercer County,New Jersey,130851,8.2,3.6,6,6.7,7.8,15.3,11.4,17.2,9,14.9,79492,115317,37.9,NJ
Middlesex County,New Jersey,285906,4.2,2.4,5.5,5.2,9,13.7,12.8,19.9,12.1,15.2,93418,117164,36.8,NJ
Monmouth County,New Jersey,240377,4.4,2.4,4.8,6.3,6.7,12.2,11.4,19.5,11.7,20.7,102870,143028,37.4,NJ
Morris County,New Jersey,184885,2.5,1.6,4.7,4.4,7.1,12.3,10.6,18.8,12.9,25,116283,154989,30.8,NJ
Ocean County,New Jersey,226725,3.1,2.4,8,7.7,10.2,18,13.8,19.7,8.8,8.3,76093,97772,36.5,NJ
Passaic County,New Jersey,168059,4.9,4.1,7.2,7.6,8.9,15.9,13.2,18,9.7,10.5,77040,99414,53.9,NJ
Salem County,New Jersey,24404,2.9,6.4,9.9,6.2,12.3,19.2,11,14.8,10,7.4,68531,90349,33,NJ
Somerset County,New Jersey,122606,2.6,1.8,3,4.2,7.1,13.4,12.7,17.5,12.5,25.1,111587,152445,31.6,NJ
Sussex County,New Jersey,54099,2.9,1.1,4.2,4.5,6.4,15.9,14.1,22.1,13.3,15.6,101130,124822,34.7,NJ
Union County,New Jersey,192848,4.1,2.6,6.8,6.6,10.7,16.9,12,15.8,9.5,14.9,80339,116947,37.1,NJ
Warren County,New Jersey,42397,3.8,3.6,4.9,6.4,10.2,15.4,16.7,18.2,10.8,10,84479,102202,28.1,NJ
Bernalillo County,New Mexico,271307,7.9,5.1,9.3,9.5,12.6,18.2,12.5,13.4,5.8,5.7,56115,78477,32.8,NM
Chaves County,New Mexico,24671,9.1,7.8,13.6,10.6,16.8,15.6,9.7,9.9,5.1,1.8,42003,58875,32.1,NM
Doña Ana County,New Mexico,79094,11.6,7,14.1,10.2,12.1,18.4,11,9.9,3.4,2.3,43038,57842,33,NM
Lea County,New Mexico,24478,10.7,2.1,7.7,8.3,9.6,16.7,21.5,14.8,5.5,3.2,68457,78848,36.4,NM
McKinley County,New Mexico,21719,15.9,6.7,11.1,12,15.6,16.1,10.8,7.6,2.8,1.3,37153,49716,52.1,NM
Otero County,New Mexico,24133,6.6,4.3,18,17.6,14.5,17.9,9.8,6.5,3.2,1.7,39371,54602,21.5,NM
Sandoval County,New Mexico,53251,3.5,2.9,6,6.3,14.2,18.9,17.2,18.1,5.4,7.7,71997,89341,34.8,NM
San Juan County,New Mexico,42561,8.7,5,12.7,13.7,15.5,20.9,8.8,9.8,2.8,2.2,44321,60348,30.8,NM
Santa Fe County,New Mexico,62182,6.7,4,8,10.4,12.5,17.7,12.9,13.2,6.4,8.3,61298,88182,35.5,NM
Valencia County,New Mexico,24829,8,6.4,10.3,8.8,6.3,22.2,15,11.6,6.3,5.1,60601,73874,46.1,NM
Albany County,New York,128284,5.1,5.1,6.6,8.6,11,16.1,12.5,19.1,8.7,7.3,69953,91080,34.7,NY
Bronx County,New York,513890,14.7,8.5,11.8,9.1,12.3,16.9,9.6,10,3.8,3.3,41432,59664,41.1,NY
Broome County,New York,79309,8.1,5.6,11.7,9.4,13.7,17.8,13.3,12.2,4.3,3.9,52010,68572,38.1,NY
Cattaraugus County,New York,33056,6.3,7.8,11.6,9.7,13.4,19.7,14.8,9.7,4,2.9,50912,64706,32.9,NY
Cayuga County,New York,31489,5.9,3.5,9.2,7.8,15.2,19.6,14.2,13.8,7.4,3.3,58665,78177,37.5,NY
Chautauqua County,New York,55345,8.9,6.5,13.9,8.2,12.4,16.3,11.9,15.1,4.5,2.6,50272,65136,34.1,NY
Chemung County,New York,33490,8.8,3.8,8,8.2,12.6,20.5,14.2,15.7,5.5,2.9,60782,73297,35.4,NY
Clinton County,New York,31422,9.4,3.3,7.4,8.9,11.5,21.9,14.7,13.1,6.9,2.9,60198,81738,33.4,NY
Dutchess County,New York,110529,4.7,3.4,7.5,6.8,8.1,15.1,11.2,20.1,10.5,12.7,85901,112299,38.7,NY
Erie County,New York,398326,6.6,4.5,9.4,9.5,12,18.2,12.9,14.3,6.9,5.7,60652,79972,36.1,NY
Jefferson County,New York,41214,6.6,4.6,8.9,10.5,14.7,20.3,14.8,13.5,3.2,2.8,53917,67368,28.3,NY
Kings County,New York,978091,7.9,5.6,8.7,7.6,9.9,14.6,11.3,14.8,8.2,11.4,66937,99472,52.5,NY
Livingston County,New York,23409,7.4,3.6,9.8,8.8,13,20.6,12.8,13.5,5.8,4.8,59173,75881,35.3,NY
Madison County,New York,25986,4.6,2.3,11.8,6.1,14.8,16.6,14.6,17.6,4.2,7.4,62918,88100,40.6,NY
Monroe County,New York,305284,5.7,4.3,9.4,9.1,12.1,17.3,13.1,15.8,7,6.2,62103,84666,35.8,NY
Nassau County,New York,449798,3,1.7,5.1,3.9,6.5,11.5,10.5,18.5,14.3,25,118453,157774,44.9,NY
New York County,New York,768203,9.2,4.4,6.2,5.2,6.4,10.6,9.7,14,9.1,25.1,93651,170453,37.6,NY
Niagara County,New York,90625,7.9,4.9,9.4,9.4,13.5,16.7,13.2,15.3,5.8,4,56304,73374,33.2,NY
Oneida County,New York,90273,4.7,5.7,10.7,8.2,13.9,18.5,12.9,14.3,6.8,4.3,57391,75821,39.7,NY
Onondaga County,New York,183218,8.1,4.3,8.4,7.3,13.1,17.5,13.1,15.2,6.1,6.8,61577,83860,35.5,NY
Ontario County,New York,46025,4.8,3.4,6.3,8.2,10.4,21.8,13.5,16,7.7,7.9,66568,92560,31.1,NY
Orange County,New York,131421,5,4,7.6,4.4,9.4,13.7,14,20.1,10.2,11.4,84458,105297,42.5,NY
Oswego County,New York,46640,4.1,5.9,11.1,8.4,12.8,18.3,14.7,17,4.4,3.4,58459,74434,33.1,NY
Putnam County,New York,34470,2.2,1.1,3.3,5.4,6.9,10.5,16.2,24.6,12.6,17.2,106204,132523,46.9,NY
Queens County,New York,784552,5.6,3.7,6.6,7.9,10.5,16.3,12.9,17.8,9.5,9.3,73696,96631,48.4,NY
Rensselaer County,New York,65790,5.5,3.3,6.9,8.8,11.3,16.5,14.4,18.4,9.8,5.1,71574,85141,31.7,NY
Richmond County,New York,166297,3.9,3.3,5.9,5.6,10.4,14.7,10.1,21,11.3,13.8,89821,113245,54.7,NY
Rockland County,New York,101424,3.5,3,5.9,4.6,8.6,12.7,11,20.9,10.9,18.9,100916,133396,43.5,NY
St. Lawrence County,New York,42832,8.5,6.9,10.7,10.7,12,15.3,12.2,15.1,5.5,3.1,52108,68320,38.2,NY
Saratoga County,New York,93547,2,3.3,5.1,6.6,10.7,15.5,12.5,21,13.1,10.1,89932,105941,27.8,NY
Schenectady County,New York,62534,4.4,4.4,7.3,9.3,11.4,18.7,11.3,19.4,7.2,6.6,65773,85444,39.5,NY
Steuben County,New York,39283,6.2,5.1,12.6,10.5,12.5,17.7,11.7,17,3.2,3.5,52951,70353,31.9,NY
Suffolk County,New York,499744,2.9,1.9,4.5,4.7,7.5,13.1,12,21.1,13.3,18.9,106228,138724,49,NY
Sullivan County,New York,28960,8.5,6,7.6,8.9,11.3,17.8,13.5,15.3,6.9,4.3,60137,75269,35.6,NY
Tompkins County,New York,40322,10.1,3.4,8.5,8.9,12.9,18,9.3,13.5,5.8,9.6,58626,92501,27.1,NY
Ulster County,New York,69376,5.8,4.6,9.5,7.8,11.7,15.7,13,16.5,8.5,6.9,64087,87755,36.7,NY
Warren County,New York,29593,5.2,4.9,7.3,9.7,12.9,18.2,11.6,15.4,7.4,7.4,64985,83323,35.1,NY
Wayne County,New York,36634,7.1,4.9,7.3,11.1,11.2,17.6,14.5,16.3,4.9,5.2,61730,80472,34.9,NY
Westchester County,New York,355136,5.4,3.2,4.5,5.1,8.1,11.3,10.9,16.8,9.6,25,101908,160616,40.5,NY
Alamance County,North Carolina,64316,6.1,6.6,8.1,10.9,12,21.1,14.6,12,4.4,4.1,58490,71555,34.3,NC
Brunswick County,North Carolina,58385,4.8,4.6,5.7,9.6,13.1,19.8,14.6,16.7,5.6,5.4,63668,84495,30.1,NC
Buncombe County,North Carolina,106741,4,5.1,12.1,10.5,13.2,19.1,12.6,12.6,5.4,5.3,54970,77162,28,NC
Burke County,North Carolina,36634,6.2,4.9,13.2,11.9,15.9,22.1,9.8,10.9,2.6,2.4,47361,61903,22.8,NC
Cabarrus County,North Carolina,68798,4.2,3.4,6.6,6.5,12.6,18.5,14.2,16.6,7.6,9.9,72333,94073,34.9,NC
Caldwell County,North Carolina,32513,4.1,5.4,12.3,15.1,15.2,17.9,15.2,10.6,3.1,1.2,48737,60360,30.4,NC
Carteret County,North Carolina,28962,6.7,3.4,8.5,10.5,14.2,17.8,12.3,15.1,6.9,4.6,60186,81705,33.3,NC
Catawba County,North Carolina,62417,9.8,3.6,9.1,9.9,15.6,19.4,12.1,12.4,3.3,4.9,52436,72498,37,NC
Chatham County,North Carolina,30674,2.1,4.5,12.7,6.4,13.3,16.5,11.5,15.1,7.2,10.8,66857,99098,36.8,NC
Cleveland County,North Carolina,30599,9.6,6.2,12.6,11,14.9,18.8,11.6,9.2,3.4,2.6,44987,62849,41.3,NC
Craven County,North Carolina,42221,5,3.4,11.2,16.1,12.8,15,12.2,16,4,4.3,52832,71562,34,NC
Cumberland County,North Carolina,128135,9,5.1,10.8,11.7,17.9,17.6,11.2,11.3,3.2,2.3,46292,61315,36.9,NC
Davidson County,North Carolina,69938,7.6,4.5,10.2,13.4,11.7,20.3,13.4,11.9,3.9,3.1,53473,65792,29.4,NC
Durham County,North Carolina,131140,5.9,3.7,6.5,9.3,13.3,17.1,14.4,15,7.1,7.8,65317,86730,32.2,NC
Forsyth County,North Carolina,148151,7.7,4.4,12,10.9,13.1,17.4,12.5,11.9,4.9,5.2,52017,74136,33.7,NC
Franklin County,North Carolina,26720,3.8,3.7,7.8,6.5,19.2,21.3,14.6,14.1,6.7,2.3,57099,71093,41,NC
Gaston County,North Carolina,85705,5.2,5.6,10.5,9.7,13.9,18.7,12.7,15.2,4.9,3.6,56595,73164,39,NC
Guilford County,North Carolina,206950,7.4,4.6,9.6,9.8,14.8,17,12.4,13.9,5.3,5.3,55328,78134,41.2,NC
Harnett County,North Carolina,46416,6.3,5.6,12.3,10.6,10.7,19.7,15.1,13.9,3.6,2.3,55753,64066,33.8,NC
Henderson County,North Carolina,51115,2.8,4.9,10.6,9.5,12.7,20.6,15.5,13.7,4.8,4.8,62131,77779,32.4,NC
Iredell County,North Carolina,68145,3.1,3.4,8.4,9.6,10.9,19,15.1,15.8,6.6,8.2,68660,90976,35.2,NC
Johnston County,North Carolina,73567,7.1,3.7,8.4,8,14.5,15.7,13,18.4,5.1,6.2,60951,82143,32.3,NC
Lincoln County,North Carolina,34418,4.8,4.8,4.9,11.7,11.1,17.8,13.1,12.7,12.1,6.9,71514,89203,30.9,NC
Mecklenburg County,North Carolina,426313,4.5,3.4,6.5,8.2,12.9,18.5,13.1,15.2,6.9,10.9,69072,102553,32.5,NC
Moore County,North Carolina,41530,5.2,3.3,10.7,8.7,10.8,20.3,14.4,14.5,6.4,5.6,62469,82882,33.7,NC
Nash County,North Carolina,37574,7.8,6,11.5,10.1,13.5,21.5,10.5,13.6,3.3,2.2,50656,67195,36.9,NC
New Hanover County,North Carolina,100189,7.1,4.3,10.1,7.9,15.4,16.5,10.5,14.8,6.1,7.3,56382,82471,27.4,NC
Onslow County,North Carolina,63604,8.4,1.9,11.4,10.1,18.8,19.9,11.5,10.9,5.1,2,49544,67207,32,NC
Orange County,North Carolina,55259,8.7,3.1,5.1,7.5,12.2,13.8,10.8,15,9.7,14,74299,110759,25.6,NC
Pitt County,North Carolina,70926,8.5,5.4,10.7,8.5,13,21.1,11.1,13.2,4,4.4,53401,72458,52.1,NC
Randolph County,North Carolina,56117,6.6,5.6,12.2,9.7,16.3,21.9,13.6,10,3.2,0.9,49742,59175,31.6,NC
Robeson County,North Carolina,46272,16.3,9.6,13.1,10.9,16.1,14.5,8.9,7.3,2.3,1,35035,48129,40.3,NC
Rockingham County,North Carolina,38462,7.8,10.2,13.4,10.5,14.5,19.1,12,8.5,2.1,1.8,43230,53588,40.5,NC
Rowan County,North Carolina,55241,4.4,5.5,13.6,9.8,14.5,21.5,12.8,11.4,3.7,2.8,51927,65593,36.2,NC
Rutherford County,North Carolina,27970,4.3,8,13.5,12.8,17.5,18.3,10.4,9.1,2.1,3.9,44361,63090,33.8,NC
Surry County,North Carolina,28408,9.8,5.7,15.8,7.8,11.5,17.7,13.7,14,1.5,2.6,49250,61869,35.4,NC
Union County,North Carolina,77954,3.3,2.1,6,6.2,9.7,16.7,13.3,18.8,9.5,14.5,85985,113242,37.9,NC
Wake County,North Carolina,419361,3.6,2.1,6,7.2,10.3,15.6,13.1,19.1,11.2,11.8,84215,111123,30.4,NC
Wayne County,North Carolina,48482,8.6,5.9,8.9,13.2,19.7,17.3,13.9,8.2,2.6,1.8,44596,59250,23.4,NC
Wilkes County,North Carolina,28376,7.8,4.1,17.1,10.6,15.4,16.3,11.3,12.8,3.5,1.2,43290,59466,30.9,NC
Wilson County,North Carolina,32384,13.5,9.3,12.9,9.7,13.1,13.1,8.7,12.6,4.5,2.6,38830,59009,41,NC
Burleigh County,North Dakota,38438,4,4.8,6.5,6.7,11.7,18.1,12.6,21.2,6.5,8,72494,96490,35.5,ND
Cass County,North Dakota,78736,6.2,5,7.5,9.3,11.9,18.8,13.2,14.9,6.1,7.2,62218,84236,19.7,ND
Grand Forks County,North Dakota,31506,7.1,4.5,11.8,13.3,7.4,20.5,12.8,14.2,3.9,4.5,56622,72083,28.2,ND
Ward County,North Dakota,28908,3.5,3.6,6.2,8.4,15,15.6,18.1,20.4,5,4.5,71415,85522,31.2,ND
Allen County,Ohio,40460,5.4,3.7,8.8,10.6,14.8,21.5,17.4,12.7,2.5,2.6,60429,67471,31.3,OH
Ashtabula County,Ohio,39490,7.5,5.2,13.5,14.3,12.2,20.6,11.1,10,3.4,2.2,44580,65566,27.2,OH
Athens County,Ohio,22659,10.7,7.7,10.3,13.3,11.8,16.5,10,12.8,4.6,2.2,41851,62186,30.3,OH
Belmont County,Ohio,25651,6.3,5.4,8.9,12,17.6,20.8,9,12.1,3.7,4.2,49780,67033,31.1,OH
Butler County,Ohio,140141,6.3,3.2,7.5,7.4,11.1,18,15,15.7,9,6.8,68584,88973,38.8,OH
Clark County,Ohio,54406,7.7,4.3,10.1,13,14.6,18.7,12.4,12.3,4.5,2.3,50128,66192,36.7,OH
Clermont County,Ohio,80041,3.9,3.4,8.5,6.4,13.2,18.2,11.8,18.5,8.3,7.7,67744,92601,28.8,OH
Columbiana County,Ohio,40560,7.3,5.5,9.7,10.5,12.4,21.8,14.6,14.2,2.5,1.5,53542,63169,30.9,OH
Cuyahoga County,Ohio,549471,8.5,5.7,10.4,9.9,12.9,18.2,11.7,12.6,4.8,5.4,52423,75382,34,OH
Delaware County,Ohio,73290,2.2,1.1,5.7,5.4,7.7,11.4,11.8,22.2,12.9,19.6,107854,135296,26,OH
Erie County,Ohio,30308,6.8,2.9,7.5,8.7,14.8,19.2,16.1,16.5,4.7,2.7,60653,81492,30.5,OH
Fairfield County,Ohio,59031,2.8,3,8,9.4,10.2,19.3,13.8,19.2,7.3,7,71469,89741,30.3,OH
Franklin County,Ohio,522383,5.4,3.3,9,8.2,12.1,19.5,12.7,16,7.1,6.7,64713,87764,29.2,OH
Geauga County,Ohio,35439,2.5,2.3,5.6,10.1,10.4,17.5,13.3,18.9,9.1,10.3,77391,104403,37.9,OH
Greene County,Ohio,66154,4.1,2.8,8.2,9.6,13.3,16.3,13.7,15.6,8.5,7.7,67394,90009,29,OH
Hamilton County,Ohio,347235,7.7,4.2,9.9,8.8,10.7,16.8,11.2,15.5,6.9,8.4,60198,89581,37,OH
Hancock County,Ohio,32490,4.4,2.9,10.2,9.1,15.1,17.7,14.1,13.7,6.9,5.9,60944,85029,27.5,OH
Jefferson County,Ohio,27515,9.6,6,11,7.9,17.6,17.4,11.8,13.1,3.9,1.7,47445,61257,35.4,OH
Lake County,Ohio,96967,2.8,4,8.3,8.3,14,20.3,15.5,16.4,6.2,4.2,64076,79074,32.6,OH
Licking County,Ohio,66604,4.7,4.1,7.9,9.4,10.4,19.4,13.1,17.6,6.5,6.9,66013,88327,29.8,OH
Lorain County,Ohio,120299,6.6,5.7,9.1,9.5,12.3,17.7,13.4,14.8,5.4,5.5,58686,77894,27.2,OH
Lucas County,Ohio,182105,10.4,4.6,11,11.6,13,16.8,11.2,12.4,5.1,3.8,49448,70287,35.3,OH
Mahoning County,Ohio,100057,8.3,6.6,11.5,12.2,13.8,16.6,12.8,11.9,3.1,3.2,47170,63363,28.7,OH
Marion County,Ohio,25013,7,6.7,7.9,11.6,16.2,19.7,12.1,10.7,3.6,4.6,50608,75598,45.2,OH
Medina County,Ohio,70450,3.2,2,5.7,7.6,12.5,17.9,13.4,20.8,8.8,8,76468,97415,29.2,OH
Miami County,Ohio,41273,4,3.7,10.5,8.7,12.8,18.7,13.9,18.4,5,4.2,62451,80018,28.9,OH
Montgomery County,Ohio,224831,7.2,4,10.9,10.8,13.1,18.6,13.8,13.7,4.1,3.8,54537,72781,31.7,OH
Muskingum County,Ohio,33342,7.1,5,10.3,13.6,12.7,19.2,14.2,11.3,4.3,2.3,51844,65255,40.9,OH
Portage County,Ohio,61018,6.1,4,10,8.6,15.5,18.8,12.4,15.7,5,4,56679,74539,34.7,OH
Richland County,Ohio,49812,6.2,3.6,13.1,10,14.9,21.8,15.2,10.9,2.6,1.6,51783,65660,30.1,OH
Ross County,Ohio,28365,7.9,5.9,9.5,13.9,8.9,17.8,16.9,12.7,3.4,3.3,55717,70298,30.2,OH
Scioto County,Ohio,29319,9.9,8.8,10.6,8.1,15.5,14.4,15.9,10.7,3.9,2.3,45571,60213,39,OH
Stark County,Ohio,154280,6.1,4.6,10.5,10.2,14.3,19.9,12.4,14.1,4.2,3.8,55499,71726,31.5,OH
Summit County,Ohio,224629,6.8,4.2,9.4,11,13.2,18.3,12.2,12.7,5.9,6.2,57364,82501,29,OH
Trumbull County,Ohio,84159,7.9,6.5,10.6,11.5,16.2,21.7,10.1,9.5,2.8,3.2,47087,63876,32.5,OH
Tuscarawas County,Ohio,36788,6,4.1,10.2,11.8,13.8,22.4,14.4,12.9,1.9,2.5,53616,66584,26.8,OH
Warren County,Ohio,84460,2.2,1.7,4.2,3.8,10.4,18.2,14.4,19,11.4,14.7,90837,123325,34.1,OH
Wayne County,Ohio,44589,4.6,5.4,7.2,11.8,13.6,21.5,13.4,14.7,4.3,3.5,57458,72370,28.7,OH
Wood County,Ohio,51353,5.3,3.4,8.8,8.9,11.6,19.9,14.8,12.4,8.5,6.3,63791,82303,28.4,OH
Canadian County,Oklahoma,46005,3.6,1.9,5.4,9.6,11.7,18.6,18.8,18.7,6.5,5.2,73635,86545,45.8,OK
Cleveland County,Oklahoma,108673,6.5,3.1,7.8,8.1,11.9,19.3,13.5,18.8,6.2,4.7,64290,83314,34.6,OK
Comanche County,Oklahoma,41843,6.3,5.6,10.3,10.9,15.5,18.9,12.2,15.2,3.1,2,51300,66189,29.2,OK
Creek County,Oklahoma,26561,5.6,5.6,10,10.8,13.3,19.9,14.5,11.4,4.9,3.9,54969,71024,41.4,OK
Muskogee County,Oklahoma,26842,8.8,7.5,10.9,15.1,13.5,17.7,8.9,12,2.9,2.7,42450,64738,31.9,OK
Oklahoma County,Oklahoma,305493,6.8,4.6,9.5,8.9,14,18.7,12.2,13,5.8,6.5,56235,83009,37.5,OK
Payne County,Oklahoma,31788,13.9,5,13.9,10.1,16.4,14.2,12,8.4,2.5,3.4,41272,57813,26.2,OK
Pottawatomie County,Oklahoma,25655,6.7,6.3,12.4,7.2,12.6,22.3,12.6,12.9,4.4,2.5,53511,69393,43.2,OK
Rogers County,Oklahoma,35531,3.7,3.6,7.3,7.2,12.5,23,15,16.4,6.3,5.1,66132,83199,32.1,OK
Tulsa County,Oklahoma,255352,6.6,4,9.5,10.1,13.3,18.3,12.1,13.4,5.7,7,57483,84293,36.5,OK
Wagoner County,Oklahoma,29837,3.1,4,9,8.2,12.5,20.5,14.7,16.4,6.9,4.8,64319,83348,31.4,OK
Benton County,Oregon,37378,8.8,4.3,5.6,8.6,8.4,17.2,12.7,17.5,10.7,6.2,70835,88001,27.7,OR
Clackamas County,Oregon,161295,4.2,2.4,5.1,7,10.8,17.7,13.2,18.8,9.7,11.1,80294,106184,27.9,OR
Deschutes County,Oregon,76528,6.8,2.4,4.9,8.5,12.2,16.5,15.3,17.7,7.9,7.6,71643,91480,36.1,OR
Douglas County,Oregon,46186,5.2,3.1,9.9,14.2,19.2,20,12.3,9.9,4,2.2,48585,63462,46.8,OR
Jackson County,Oregon,87800,6.7,4.8,9.4,10.3,14.4,17.1,14.2,13.3,4.9,4.9,56450,73949,34.7,OR
Josephine County,Oregon,35206,5,3.4,15.3,10.5,17.9,19.8,10.5,12,3.1,2.6,47573,63233,41.2,OR
Klamath County,Oregon,29357,6.8,6.9,10.8,9.1,11.8,22.6,11.8,13,4.9,2.4,56348,68806,40,OR
Lane County,Oregon,155696,6.2,5.1,10.2,10,13.6,17.4,13.2,14.7,5.1,4.5,57325,77180,26.4,OR
Linn County,Oregon,49407,3.5,3.7,9.9,9.9,14.1,17.5,16.1,17.1,5.3,2.7,61488,74582,31.7,OR
Marion County,Oregon,121061,4.2,4.3,7.6,8.9,13.4,20.7,14.1,16,7.1,3.7,64306,78396,25.5,OR
Multnomah County,Oregon,337903,5.9,3.5,6.5,6.5,11.4,17.3,12.4,18,8.5,10,72900,99033,25,OR
Polk County,Oregon,31224,4.9,3.9,6.3,7.1,11.2,17,12.8,24.2,7.6,4.9,72914,87386,24.9,OR
Umatilla County,Oregon,27538,3.4,4.6,11.1,9.2,14.2,17.9,13.6,15.5,5.2,5.4,60425,75934,40.3,OR
Washington County,Oregon,222877,4.4,2.4,4.5,6.1,8.7,17.5,14.8,18.6,11.6,11.5,85734,109231,27,OR
Yamhill County,Oregon,36323,5.6,3.6,6.1,5.6,11.6,20.4,15.3,18.8,8.2,4.8,72904,84219,27.9,OR
Adams County,Pennsylvania,38703,2.6,3.2,9.3,8.1,13.2,18,17.4,16.2,6.7,5.2,67715,84262,28.4,PA
Allegheny County,Pennsylvania,553858,6.4,3.6,8.4,8.6,11.9,17.5,12.7,16.1,7,7.9,64871,91448,33.7,PA
Armstrong County,Pennsylvania,29095,3.1,5.7,12.2,8.2,15.3,22.6,13.6,12.6,4.2,2.5,57636,68661,38.1,PA
Beaver County,Pennsylvania,70745,5.2,4.8,9.9,8.7,14.3,17.5,13.7,15.2,6.8,3.8,60672,75836,35.3,PA
Berks County,Pennsylvania,154696,5,3.1,7.8,7.6,13.7,18.1,13.6,19.3,6.6,5.2,67708,84720,44.7,PA
Blair County,Pennsylvania,52497,6.5,4.8,10,11.7,15.9,17.5,12.6,13.2,5.1,2.8,51004,69143,28.5,PA
Bucks County,Pennsylvania,240491,3,1.9,7,5.4,8.7,14.1,12.9,20.3,12,14.8,93767,120851,38.6,PA
Butler County,Pennsylvania,77920,6.2,3.3,6.9,7.6,11,16.4,12.9,18.6,7.4,9.7,72262,95378,30.6,PA
Cambria County,Pennsylvania,56490,8,7.1,10.8,10.8,14,18.2,13.8,11.6,3.3,2.3,49076,63805,27.4,PA
Carbon County,Pennsylvania,27107,3.6,3.4,8,9.9,14,18.9,16,16.7,5.3,4.1,61111,82287,40.5,PA
Centre County,Pennsylvania,58963,6.8,3.7,10.1,8.8,11,19.4,12.4,14.6,6.5,6.8,60706,82780,30.2,PA
Chester County,Pennsylvania,193234,3.2,2,4.5,4.8,7.7,15.1,11.8,17.9,12,21,102016,144892,32.1,PA
Clearfield County,Pennsylvania,31990,5.5,6.2,11.1,12.4,18.6,19.7,13,10.8,2,0.7,45643,57924,41.1,PA
Columbia County,Pennsylvania,26219,8.3,5.6,7.1,10.6,14.7,18.2,13.4,13.6,5.3,3.1,54570,70858,30.2,PA
Crawford County,Pennsylvania,35387,5,5.7,11.3,11.1,17.5,17,16.2,9.8,4.4,1.9,49428,63237,34.4,PA
Cumberland County,Pennsylvania,101823,3.2,2.8,6.2,8.7,10.6,18,16.2,18.6,7.4,8.3,75391,95404,28.4,PA
Dauphin County,Pennsylvania,113905,6.6,2.8,9.4,9.8,12.5,19.7,14.1,15,5,5.2,60733,80460,45.9,PA
Delaware County,Pennsylvania,209502,5.2,2.9,6.7,8.8,10.3,14.7,12.4,17.2,9,12.8,77339,110612,38.8,PA
Erie County,Pennsylvania,110128,8.1,4.7,11.8,9.8,13.6,18.6,12.8,13.6,3.5,3.5,51818,68095,33.9,PA
Fayette County,Pennsylvania,54955,7.6,7.5,10.9,11.5,14.2,16,12.4,13.9,3.3,2.7,48509,68078,31,PA
Franklin County,Pennsylvania,60260,2.9,2.8,8.2,10.6,15.3,18,18.7,15.9,4.4,3.3,62484,76869,27.4,PA
Indiana County,Pennsylvania,30704,6.1,5.6,10.8,10.4,14.9,16.3,11.8,16.8,5.4,1.9,51914,69974,35.6,PA
Lackawanna County,Pennsylvania,88154,5.6,5.8,11.2,9.5,14.1,17.4,14.5,13,4.1,4.7,53826,73211,37.5,PA
Lancaster County,Pennsylvania,204701,4.7,3.3,7.4,7.1,13,19.9,16,16.5,5.7,6.5,67376,88819,41.8,PA
Lawrence County,Pennsylvania,37282,7.3,5.5,9.5,13.4,13.8,17.3,14.2,11.5,4.3,3.3,50547,68125,34.8,PA
Lebanon County,Pennsylvania,53861,4,3.5,8.9,11.6,11,21.1,14.6,14.7,7.1,3.5,61204,75913,49.2,PA
Lehigh County,Pennsylvania,137847,4.6,3.8,8.6,8.1,13.5,17.4,13.3,17,7.2,6.4,65667,86780,27.3,PA
Luzerne County,Pennsylvania,130890,7,5.2,9.9,11,13.9,19.7,13.2,12.3,4.6,3.2,53972,68764,39.1,PA
Lycoming County,Pennsylvania,44842,5.6,4.8,12.1,12,11,19,14.3,13.8,3.8,3.5,53881,71332,31.2,PA
Mercer County,Pennsylvania,46427,5.3,5.8,10.2,10.8,13.4,19.3,14,14.8,4.2,2.1,54543,67630,31.7,PA
Monroe County,Pennsylvania,56274,5.6,3.5,6.3,10.4,13.3,17.3,13.7,17,8.1,4.8,62413,84254,36.9,PA
Montgomery County,Pennsylvania,321373,3,2,5.5,6.2,8.2,14.6,13.9,18.9,11.5,16.1,92302,127054,31.1,PA
Northampton County,Pennsylvania,114950,4.1,2.4,6.4,9.1,10.2,18.2,14.8,19.9,7.2,7.7,74328,93381,34.8,PA
Northumberland County,Pennsylvania,38592,5.6,5.6,9.8,15.5,15.9,19.3,11.2,12.1,3.4,1.6,47349,60685,32.3,PA
Philadelphia County,Pennsylvania,619505,12.2,6.6,9.7,9.9,13.3,16.3,10.8,10.5,5.1,5.7,47474,72748,41.4,PA
Schuylkill County,Pennsylvania,58242,5,6.1,10.5,9.2,12.9,20.6,15.3,14,4,2.4,56295,68557,38.3,PA
Somerset County,Pennsylvania,29456,5.9,4.3,13.4,10.8,17.3,17.4,13.1,13.1,2.8,1.9,48895,62567,31.3,PA
Washington County,Pennsylvania,86716,5.1,5.5,7,8.6,12.6,16.8,12.9,15.8,7.9,7.7,65431,88498,40,PA
Westmoreland County,Pennsylvania,155147,7.2,3.9,9.1,9.3,13.7,17.9,14,14.1,5.9,5,59073,77715,32.6,PA
York County,Pennsylvania,175441,4.3,3.1,8,7.4,12.3,19.4,14.2,19,6.9,5.4,69172,85972,30.4,PA
Kent County,Rhode Island,70166,4.1,2.7,7.8,6.5,9.6,19.9,15.4,19.7,7.7,6.6,74474,92956,39.1,RI
Newport County,Rhode Island,33690,5.9,1.7,5.5,7.4,9.8,15.1,13.6,18,10.5,12.5,81652,120476,33.1,RI
Providence County,Rhode Island,237518,6.7,5.8,8.7,8,12,16.7,14.2,15.9,6.7,5.4,62994,80824,41,RI
Washington County,Rhode Island,48051,3.2,3.1,4.3,8.8,8.4,14.6,11,22.4,11.9,12.4,90003,114130,36,RI
Aiken County,South Carolina,67889,6.5,6.2,11.8,7,14.4,18.4,13.9,12.8,5.3,3.6,55634,70238,37,SC
Anderson County,South Carolina,75825,5.5,5.1,11.5,10.3,13.4,18.9,13,13.4,3.4,5.6,54322,75079,31.4,SC
Beaufort County,South Carolina,73043,3.8,2.4,4.9,10.2,12.9,16.6,13.8,15,8.2,12.1,74127,109158,50,SC
Berkeley County,South Carolina,80640,5.7,2.8,6,8,12.2,19.4,14.8,20.8,5.7,4.7,69398,88180,50.4,SC
Charleston County,South Carolina,165568,6.7,2.6,7.9,6.1,11.2,17.3,12.3,16,8.4,11.4,71531,104326,42.2,SC
Darlington County,South Carolina,24801,7.3,7.4,17.6,10.1,11.6,13.3,11.6,13.7,4.4,3,44606,62715,45.8,SC
Dorchester County,South Carolina,57768,3.2,3.6,6,9.6,14.8,16.9,15.3,17.9,8.1,4.5,68200,82692,35.8,SC
Florence County,South Carolina,53047,10.1,5,9.2,10,15.6,17.8,12,12.9,3.8,3.5,50082,67730,47.2,SC
Greenville County,South Carolina,199551,5.4,3.2,7.3,9.6,14,17.6,13.1,15.4,6.7,7.7,64412,89338,31.8,SC
Greenwood County,South Carolina,28544,10.6,5,14.5,12,15.5,18.2,10.1,8.6,2.9,2.7,42148,60025,35,SC
Horry County,South Carolina,140260,4.6,3.9,8.9,11.3,16.8,22.1,12.7,11.9,4.2,3.6,53694,70581,33.9,SC
Kershaw County,South Carolina,24544,10,4.9,10.5,8.4,13.5,14.1,12.3,17.1,5.5,3.8,55198,70638,43.1,SC
Lancaster County,South Carolina,35410,6,6.9,9.3,5,10.6,22,13.2,13.5,6.7,6.8,63924,82785,34.3,SC
Laurens County,South Carolina,25901,10.6,5.1,13.8,8.7,13.5,20.9,10.9,9.1,4.5,3,47218,67205,38.3,SC
Lexington County,South Carolina,118193,4.9,4.1,9.6,8.5,13.7,16.8,14.1,15,6.9,6.4,61631,83728,36.8,SC
Oconee County,South Carolina,31530,10.6,3.1,7.1,11.8,18.2,14.8,14.2,11.1,5.3,3.7,48204,74520,25.6,SC
Orangeburg County,South Carolina,32129,15.3,9.1,10.2,12.5,15.9,14.4,9.5,9.8,2.4,0.9,37701,52664,48.8,SC
Pickens County,South Carolina,48203,6.7,5.6,11.6,10.2,14.1,19.8,13.3,13,3.2,2.7,52190,66080,38.2,SC
Richland County,South Carolina,153484,9.7,3.5,9.9,9.3,14.7,16.4,12,12.7,6.6,5,52293,76348,41.4,SC
Spartanburg County,South Carolina,121256,5.8,5.1,9.9,10,13.1,21.7,13.3,12.7,4.4,4,55339,71932,38.4,SC
Sumter County,South Carolina,44105,9.7,4.6,12.3,6.8,15.2,21.8,13.1,11.1,3.6,1.8,51025,61173,49.8,SC
York County,South Carolina,108400,3.6,2.8,6.9,9.1,14.2,17.6,12.5,16.8,9.2,7.4,66949,93013,25.4,SC
Minnehaha County,South Dakota,81046,4,3.2,7.6,9.9,13.1,21.4,13.4,14.9,7.2,5.4,61968,81628,26.2,SD
Pennington County,South Dakota,44676,3.9,6,12.6,9.4,10.1,18.9,13.2,16.2,4.7,4.8,58085,77493,29.3,SD
Anderson County,Tennessee,30175,7.6,5.6,10.6,10.4,16.7,17.8,13,11.1,4,3.3,49044,65367,30.2,TN
Blount County,Tennessee,50813,5.5,4.3,10.2,8.5,13.7,18.3,14.8,16.2,4.3,4.1,59276,75208,35.8,TN
Bradley County,Tennessee,39992,6.4,9.4,7,9.5,15.4,16.1,14.9,15.5,2.4,3.5,52468,66632,38.3,TN
Davidson County,Tennessee,289427,5,3.4,7.3,8.5,13.9,18.7,14,15,6,8.2,63938,92592,36,TN
Greene County,Tennessee,28323,7.5,5.2,14.4,12.9,15.1,17.7,13.6,8.6,3,1.9,44722,60317,40.6,TN
Hamilton County,Tennessee,148157,5.2,4.7,9.8,9.2,14.1,18,12.5,14.4,6,6.1,57502,82222,38,TN
Knox County,Tennessee,191925,7.1,3.7,10.1,9.2,12.4,17.3,13.6,14.6,5.3,6.7,60283,83334,25.6,TN
Madison County,Tennessee,38930,8.3,5.5,12.4,9.1,14.9,21.8,9.7,13.5,2.8,2.1,49820,61377,27.2,TN
Maury County,Tennessee,37104,3.8,4.9,6.3,9.4,11.9,20.1,17.1,15.6,7.1,3.7,66781,80635,51.9,TN
Montgomery County,Tennessee,76974,5,4.1,6.2,10.8,18.3,19.7,12.6,15.1,5.4,2.7,56948,71883,30.2,TN
Putnam County,Tennessee,31778,6.1,6.5,15.8,8.7,13.8,20.8,13.7,6.1,5.6,2.8,49282,63818,36.9,TN
Robertson County,Tennessee,26577,4.2,3.4,8.4,8.7,12.1,20.8,13.3,15.9,10,3.1,66939,83276,35.9,TN
Rutherford County,Tennessee,113797,3,2.8,6.8,9,13.1,20.8,14,18.4,7.7,4.3,69397,85374,34.4,TN
Sevier County,Tennessee,37933,6.2,3.6,12.6,10.1,12.4,20,15,12.6,3.7,3.8,57741,71579,30,TN
Shelby County,Tennessee,353950,8.1,6.1,9.8,10.3,13.2,17,11.2,12.7,4.5,7,52614,80016,34.1,TN
Sullivan County,Tennessee,68560,7,4.8,10.9,9.6,16.1,20,11.7,13.4,3.6,2.9,51860,69377,35.1,TN
Sumner County,Tennessee,70098,2.6,2.4,5.5,8.1,15.3,20.6,14.9,17.8,6.5,6.5,68743,94687,32.2,TN
Washington County,Tennessee,55817,9.9,6.2,8.8,12,12.2,17.6,10,13.5,4.8,5,51428,73919,36.4,TN
Williamson County,Tennessee,84393,2.2,1.3,4.5,4.2,7.5,11.6,11.6,20.1,13.6,23.5,115507,155149,31.8,TN
Wilson County,Tennessee,51618,2.8,2.3,5.9,6.7,12,17,13.4,23.5,8.1,8.4,80071,99956,33.5,TN
Angelina County,Texas,32293,6.1,4.1,11.2,9.9,15.3,24,12.6,10.7,3.1,2.9,53320,63188,40.6,TX
Bastrop County,Texas,26393,6.3,5.2,12.3,6.1,12.1,18.3,16.4,13.5,5.9,3.8,57938,78946,48,TX
Bell County,Texas,126772,7.1,4.8,9.8,9.9,13.5,19.8,13,12.5,5.1,4.5,54560,73912,25.5,TX
Bexar County,Texas,646352,6.6,3.9,9.1,9.5,13.1,19.7,12.8,14.1,6,5.3,58964,79424,32.3,TX
Bowie County,Texas,34935,9.2,4.6,10.9,10.7,12.6,21.8,10.8,12.2,2.6,4.6,51802,72703,35.1,TX
Brazoria County,Texas,129261,2.3,2.5,6.4,6.4,9.4,17.3,14.8,20.7,11.3,8.9,84904,105432,25.7,TX
Brazos County,Texas,79971,11.5,4,9.9,8.3,12.6,16.8,14,11.9,4.4,6.5,55121,76849,36.7,TX
Cameron County,Texas,129307,9.3,8.2,13.9,13.1,12.7,15.8,10.7,11.2,2.6,2.7,41123,57625,43.4,TX
Collin County,Texas,363599,3.2,1.5,4.1,5.2,10.1,14.1,13.5,20.8,12.6,14.9,96134,122503,37,TX
Comal County,Texas,57004,4,2.3,4.2,7,9.4,14.5,15,18.9,12.9,11.7,89315,114102,24.2,TX
Coryell County,Texas,22093,7.8,3.6,5.7,13.7,14.5,23.9,12.7,9.9,6,2.3,53504,68947,29.1,TX
Dallas County,Texas,940587,6.2,3.2,7.7,8.7,14.3,19.3,12.4,14.5,5.6,8.1,61796,91752,40,TX
Denton County,Texas,305164,2.9,1.8,4.4,5.3,8.6,17.5,13.9,20.1,11.2,14.4,90523,119046,33,TX
Ector County,Texas,53155,4,3.8,9.4,7.7,12.4,17,13,18.7,8,5.9,67205,84688,32.8,TX
Ellis County,Texas,61465,4.2,2.6,5.5,9.1,8.6,17.3,15.3,20.9,8.5,8,78797,95244,33.4,TX
El Paso County,Texas,269150,9.2,5.5,10.5,11.5,14.2,20.7,10.7,11.9,3.4,2.4,48903,62655,30.1,TX
Fort Bend County,Texas,253030,2.7,1.9,4.2,6.2,8.6,13.7,11.9,20.7,13,17.2,101293,126968,31.8,TX
Galveston County,Texas,127092,5.3,2.2,8.7,7.5,9.6,16.7,11.2,20.1,8.6,10.1,74977,97586,36.4,TX
Grayson County,Texas,49024,5.2,5.4,10.2,10.9,11.6,20.2,12.9,14.3,4.5,4.9,57476,74491,34.9,TX
Gregg County,Texas,45711,5,4.7,12.6,10.3,12.2,18.4,14.4,10.6,7.5,4.3,53793,76229,29.8,TX
Guadalupe County,Texas,56051,3.1,1.8,5.6,6.7,12,16.7,16,22.5,10.1,5.5,79768,94096,35.8,TX
Harris County,Texas,1647384,6.1,3.4,8.8,9.2,12.7,18.1,12,14.1,6.8,8.9,61618,92488,35.4,TX
Harrison County,Texas,24197,12.3,3.1,10.2,8.3,10.8,13.7,17.6,13.7,5.8,4.6,58817,79498,38.9,TX
Hays County,Texas,77749,4.7,4,6.4,5.8,12.6,18.4,14.4,15.3,9.4,9,72058,95570,31.8,TX
Henderson County,Texas,30607,9.6,4.3,12.9,10,11.8,20.9,13.3,9.9,2.8,4.6,51521,69813,41.5,TX
Hidalgo County,Texas,247544,11,7,14,11.3,14.2,16.3,9.7,10.7,3,2.8,41800,58371,40,TX
Hunt County,Texas,35093,7,3.5,10.9,9.4,10.5,22.6,13.8,12.9,5.2,4.2,58063,70814,32.1,TX
Jefferson County,Texas,89273,9,4,10.8,8.2,14.1,18.6,12.3,11.7,5.3,6.1,55797,73960,51.3,TX
Johnson County,Texas,59113,4.8,3.1,7.6,7.7,12.4,19.5,16.4,16.8,7.5,4.1,66319,81926,23.4,TX
Kaufman County,Texas,39835,3.5,3.8,4.4,8,11.9,17.9,14.8,20.5,9.2,6,75775,90256,43.6,TX
Liberty County,Texas,27367,9.8,5,13.2,10.1,11.8,15.5,13,10,6.7,4.9,50049,68005,37.8,TX
Lubbock County,Texas,117494,6.7,5.5,9.7,10,13.4,19,11.2,14.8,5.2,4.6,55003,75106,39.3,TX
McLennan County,Texas,93021,8.8,6.4,9.5,9.1,15.4,16.3,11.5,13.6,4.1,5.3,50845,69956,27.9,TX
Midland County,Texas,59325,5.7,2.3,9.3,4.2,8.6,15.5,11,20.4,9.8,13.2,82558,107722,40.9,TX
Montgomery County,Texas,209528,3,1.8,6.6,6.9,10.2,14.2,11.7,18.4,12,15.4,88695,120306,40.7,TX
Nacogdoches County,Texas,24722,7.9,7.2,15.2,9.1,15,18.5,9.4,11.9,3.8,2,47572,62423,33.1,TX
Nueces County,Texas,131194,6.2,6.9,10.1,9.4,11.6,16,13.4,16.7,5.6,4.1,56789,73358,30.2,TX
Orange County,Texas,31913,5,5.8,8.8,6.8,9.7,16.5,11.3,20,10.1,6,69052,86537,38.6,TX
Parker County,Texas,43520,3.8,4.5,8.2,4.8,7.5,14.8,15.7,22.2,10.3,8.1,83262,100470,36.8,TX
Potter County,Texas,44180,10.3,6,15.8,15.2,13.6,16,6.6,12.1,2.5,1.9,37297,53195,51.4,TX
Randall County,Texas,50261,3.9,2.6,8.9,8.5,11.9,17.3,14.8,19.1,6.7,6.2,70651,89410,26.7,TX
Rockwall County,Texas,36665,1.3,0.2,4,1.6,6.5,20.3,14.1,19.4,16.5,15.9,103378,133824,31.5,TX
San Patricio County,Texas,21872,7.3,6.2,9.7,9.3,12.4,13.8,12.4,17.1,6.1,5.9,57899,78550,32.9,TX
Smith County,Texas,78600,5.4,3.1,11.2,8.3,13.8,19.7,13.4,15.3,5.1,4.7,59584,79183,41.8,TX
Tarrant County,Texas,727094,4.4,3.2,6.7,8.3,12.2,18.8,13.7,16.4,7.8,8.5,70139,94469,28.8,TX
Taylor County,Texas,50282,7.2,5,8.7,10.2,13.8,20.2,13.8,13.6,4.1,3.4,55351,73223,26.2,TX
Tom Green County,Texas,43604,5.1,5.7,9.5,11.9,11.6,18.3,11.7,16.9,5.3,4,55988,76496,29.7,TX
Travis County,Texas,507751,5.4,2.2,5.8,6.2,10.7,16.1,13.2,17.5,9.8,13.1,80726,114226,30.6,TX
Victoria County,Texas,30058,4.3,6.9,11.1,9.4,11.7,17.5,15.1,12.2,7.2,4.6,57358,77910,28.3,TX
Walker County,Texas,22201,9.7,4.2,13.3,7.5,16.5,18.7,15,9.6,2.8,2.8,47170,61332,61.4,TX
Webb County,Texas,76326,6.8,5.9,12.4,9.2,11.2,17.4,14.6,14.7,3.1,4.6,56084,71396,45.3,TX
Wichita County,Texas,48315,8.4,4.7,11.2,7.4,15.9,19.9,13.1,13.5,3,2.9,51749,66883,27.2,TX
Williamson County,Texas,193008,2.4,1.4,4.1,4.6,10.6,17.9,13.7,22,12.6,10.7,92179,109561,29.5,TX
Wise County,Texas,22882,3.5,3.1,3.2,10.1,8.3,22.8,13.3,18,9.1,8.5,71421,93845,36.7,TX
Cache County,Utah,40206,5.3,4.5,6.6,9.8,13.3,20.8,15.4,15.5,4.8,4,62507,76347,29.8,UT
Davis County,Utah,109358,1.9,1.7,4.4,5,9.2,19.4,17.6,22.8,9.9,8.1,87427,104887,25.7,UT
Salt Lake County,Utah,384692,3.9,2.6,5.4,6.1,10,18.6,15.7,19.5,9.7,8.4,80119,101876,31.3,UT
Tooele County,Utah,21292,2.8,2.6,3.3,6.8,8.7,23,16.8,26,6.2,3.8,80973,87638,32.9,UT
Utah County,Utah,178152,2.8,2.1,6.3,7.2,10.4,18.3,15.3,21.4,8.6,7.7,79545,99329,29.4,UT
Washington County,Utah,63144,1.9,4.6,8.4,10.6,11.4,21.1,15.1,14.6,6,6.4,63595,88888,32.7,UT
Weber County,Utah,87863,3.1,2.9,5.4,8.4,11.4,20.7,18.4,18.1,5.9,5.6,72206,87362,34.9,UT
Chittenden County,Vermont,68516,6.2,3.5,4.6,7.1,9.8,17.3,13.6,18.7,9.1,10.3,76806,98519,29.3,VT
Albemarle County,Virginia,43754,3.1,2.9,5.7,5.3,9.3,16.5,14.6,16.3,11.9,14.4,86399,120456,35.8,VA
Arlington County,Virginia,111887,4.3,2.1,3.7,3.2,5,13.4,10.6,18.8,14.8,24,119755,158886,23.1,VA
Augusta County,Virginia,29951,3,3,7.3,7.3,18.6,20,16.1,17.2,5.3,2.2,62668,75789,26.9,VA
Bedford County,Virginia,31390,5,2.8,6.9,10.1,12.9,16.4,16.5,16.2,6.6,6.7,69125,89999,33.7,VA
Chesterfield County,Virginia,128920,2.3,2.4,5.2,8.3,9.5,18.6,13,22.6,9,9.2,81297,101694,38.4,VA
Fairfax County,Virginia,400186,2.8,1.1,2.8,3.5,6.6,10.6,11.1,19.4,15.2,26.8,128374,160598,25.4,VA
Fauquier County,Virginia,24270,2,3.3,3.9,3.1,6.7,15,13.3,23.7,13,16.1,104809,132099,41,VA
Frederick County,Virginia,32010,3.2,2.2,4.9,7.5,8.1,16.7,17.3,24.6,10.8,4.8,86229,97434,29.6,VA
Hanover County,Virginia,39521,2.3,1.2,5,7.4,9.1,16.6,14.1,22.1,12.9,9.3,89812,110344,28.3,VA
Henrico County,Virginia,130591,4.4,2.7,8.3,7,13.7,18.3,11.3,15.3,8,11,68024,98334,30.9,VA
James City County,Virginia,30262,3,0.9,6.1,5.2,7.1,14.1,18.1,24.7,11.1,9.9,91674,110625,30.4,VA
Loudoun County,Virginia,133750,1.7,0.6,2.3,3.3,4.1,8.3,10.7,17.9,16.9,34.2,151800,176974,28.7,VA
Montgomery County,Virginia,36244,13.1,3.3,5.9,9,11.8,21.2,11.2,10.9,7.1,6.5,60045,77645,29.3,VA
Prince William County,Virginia,143508,2.5,1.1,3.8,4.9,6.7,12.9,13.8,23.8,12.9,17.6,106861,130059,34.2,VA
Roanoke County,Virginia,37506,3.5,4.3,6.5,7,9.8,21.1,13,19.2,7.4,8.2,71715,93210,47.5,VA
Rockingham County,Virginia,30462,2.1,1.7,6.5,9.7,17.2,18.7,17.5,14.7,6.4,5.6,69423,84655,35.7,VA
Spotsylvania County,Virginia,46427,3.5,2.6,5.3,6.1,10.5,13.3,13.1,24.1,11.1,10.4,91073,106950,29,VA
Stafford County,Virginia,48092,3,0.7,2.3,3.5,8.1,14,14.4,19.4,19.1,15.5,110446,128826,34.9,VA
York County,Virginia,26008,3.5,3.4,5.3,3.4,6.9,15.9,16.2,23.2,8.4,13.8,91241,113116,30.9,VA
Alexandria city,Virginia,71005,1.6,1.9,3.4,5.5,6,15.2,13.7,18.4,10.9,23.5,103284,147537,21.2,VA
Chesapeake city,Virginia,86878,2.4,4.1,7.4,7,9.9,18.1,12.9,21.2,10,7.1,77847,97971,34.3,VA
Hampton city,Virginia,55633,4.9,5.3,8.9,8.5,17,18.8,15.1,12.1,5.1,4.6,56930,74653,33.5,VA
Lynchburg city,Virginia,28950,8.1,3.2,7.2,11.4,14.8,20.9,15.8,10.8,4.2,3.6,54850,69107,42.9,VA
Newport News city,Virginia,70918,8.4,4.5,9.6,8.6,15.3,20.7,13.1,12.4,4.2,3.2,53029,69805,38,VA
Norfolk city,Virginia,88387,9.2,4.7,9.1,11.3,12.3,20,13,11.6,5.2,3.5,53093,70842,36.3,VA
Portsmouth city,Virginia,36089,8.7,5.5,10.5,7,16.9,19,15.2,12,2,3.1,51195,67492,52.9,VA
Richmond city,Virginia,89878,10.8,6.6,10.2,8.9,12.5,17.7,10,10.6,5.6,7.1,51285,83723,34.8,VA
Roanoke city,Virginia,40810,8.5,10.4,12.5,10,12.7,18.7,9.4,10.1,3.2,4.5,45838,62891,48,VA
Suffolk city,Virginia,34597,4.5,2.4,7.2,6.4,10.2,15,17.5,21.4,7,8.4,80481,97510,28.4,VA
Virginia Beach city,Virginia,175029,3.1,1.2,5.1,7.7,10.8,19.1,16.6,19.5,9,7.9,79054,98881,34.5,VA
Benton County,Washington,73678,2.3,3.2,8.9,6.6,12.7,18.2,11.9,19.7,8,8.3,72084,92334,26.7,WA
Chelan County,Washington,28974,4.7,3.1,10.2,9.7,12.8,21.5,12.6,12.8,7.9,4.8,59161,83381,18.4,WA
Clallam County,Washington,33022,8.1,3,10.6,7.5,14.5,17.4,17.4,14.3,5.1,2,57126,68019,37.3,WA
Clark County,Washington,180862,3.1,2.4,6,6.4,11.2,17.3,15.6,21,8.6,8.4,80555,99612,28.4,WA
Cowlitz County,Washington,42790,5.7,3.9,9.4,11.3,14.5,19.4,14.3,11.6,5.6,4.4,55497,75014,30.5,WA
Franklin County,Washington,28162,6.1,1.8,8.1,10.6,10.2,22.1,10.9,16.9,9,4.3,61951,79129,28.7,WA
Grant County,Washington,30866,3.8,3.6,8.7,13.1,14.7,20.5,15.4,12.1,3.5,4.6,56997,72406,40.6,WA
Grays Harbor County,Washington,29920,5.6,4,9,9,13.1,20.9,15.5,14.1,5.3,3.8,61026,77948,35,WA
Island County,Washington,35586,5.3,1.1,4.5,6.2,14.8,20.2,16.5,18.1,7.3,6,72066,90484,30.7,WA
King County,Washington,907761,4.1,2.3,4.6,4.9,7.9,13.4,11,19.3,11.6,21,102594,139525,25,WA
Kitsap County,Washington,107525,3.7,2.3,5.6,4.7,10.3,20.6,15.4,20.6,8.2,8.5,79624,97436,27.6,WA
Lewis County,Washington,31879,5.3,4,12,7.8,12.7,20.4,14.2,15,6.5,2.1,58911,72799,34.9,WA
Mason County,Washington,24820,5.2,1.5,6.7,9.1,13.2,22,9.1,21,8,4.2,63983,84850,33.3,WA
Pierce County,Washington,333657,3.5,3,5.4,5.8,11.4,17.9,15,21.3,8.9,7.7,79243,97051,31.8,WA
Skagit County,Washington,49043,2.9,4.5,7.5,7.2,13.9,19.4,14.9,17.7,6.8,5.1,67175,85948,31.1,WA
Snohomish County,Washington,299827,3.1,2.8,5.1,5.4,8.3,16.5,14.9,20.2,12,11.7,89260,109561,31.3,WA
Spokane County,Washington,211723,5.8,4.3,8.3,8.9,14.1,20,12.7,13.5,7.3,5.1,59974,80940,30.9,WA
Thurston County,Washington,112909,4.5,3.1,7.1,6.2,10.3,16.8,16.5,20,7.9,7.5,78512,93918,28.5,WA
Whatcom County,Washington,88794,4.7,3.4,8.2,8.6,9.3,20,15.9,17.2,6.9,5.9,69372,84870,33.8,WA
Yakima County,Washington,83992,5.5,3.1,11.2,10.9,14.4,18.9,15.4,12.8,4.3,3.7,56233,72179,31.9,WA
Berkeley County,West Virginia,46395,5.6,2.6,5.9,11.2,12.4,22.7,13.4,17.2,4.9,4,62370,77564,27.5,WV
Cabell County,West Virginia,38040,12.4,5.8,12.3,13.2,14.8,15.5,9.6,9.4,3.9,3.1,40788,59375,36.1,WV
Harrison County,West Virginia,25905,3.8,5.3,11.2,11,13.7,14.1,11.6,19.9,6.3,3.1,54314,73744,22.6,WV
Kanawha County,West Virginia,78384,11.4,5,10.5,9.6,15.5,17.6,10.9,11.7,4,3.9,47759,66290,29.1,WV
Monongalia County,West Virginia,40401,8.1,7.3,9.7,8.3,11.7,15.5,9.4,16.9,4.5,8.7,55940,83925,28.1,WV
Raleigh County,West Virginia,31331,8.3,6.4,16.1,10.6,11.3,14,17.9,11,1.3,3.1,46540,63432,37.7,WV
Wood County,West Virginia,34182,10.3,6.5,8.8,12.6,13.3,18.7,12.8,10.4,3.8,2.8,47944,63736,30.5,WV
Brown County,Wisconsin,107385,5.1,4.1,7.3,8.1,14.8,18.3,11.8,18.1,7.8,4.6,64458,82270,31.5,WI
Dane County,Wisconsin,229760,3.5,3.3,6.1,7.4,10.7,17.4,14.3,20.1,8.1,9,77504,100066,24.6,WI
Dodge County,Wisconsin,35104,4.1,2.4,7.8,10.2,13.2,22.4,13.4,18.6,5.6,2.3,61300,75835,47.6,WI
Eau Claire County,Wisconsin,41385,3.7,4.6,6.3,10.3,11.6,21.2,14.5,18.3,5.6,4,65662,82285,34.4,WI
Fond du Lac County,Wisconsin,42604,2.7,3.3,8.4,7.7,13.8,20.6,14.9,19.4,6.1,3.1,65329,80169,28,WI
Jefferson County,Wisconsin,32783,2.4,2.8,6,11,11.5,17.8,15,20.4,7.7,5.3,71708,85726,36.5,WI
Kenosha County,Wisconsin,64187,3.6,3.7,8.9,9.3,11.7,20.2,13.1,18.3,6.6,4.5,65997,80630,35.4,WI
La Crosse County,Wisconsin,48175,3.5,5.1,8.9,9.1,14.6,22.8,13,14.5,4.6,4,58921,77894,34,WI
Manitowoc County,Wisconsin,33831,2.7,5.6,10.1,6.7,17.4,19.1,16.1,14.3,4.8,3.3,60785,74016,31,WI
Marathon County,Wisconsin,54765,3.4,3.5,8.1,10,13.1,18.9,16.4,17.1,4.7,4.8,65851,81127,28.2,WI
Milwaukee County,Wisconsin,383665,7.4,4.9,11.3,9.2,14.3,17.8,12,14,4.8,4.1,53418,71436,35.4,WI
Outagamie County,Wisconsin,74974,2.5,3.2,8.8,8.7,12.9,21.7,14.7,17.3,5.7,4.5,66234,80986,26.6,WI
Ozaukee County,Wisconsin,35795,2.5,1.9,4,6.7,10.3,15.8,17.7,19.3,9,12.7,88154,122526,29.2,WI
Portage County,Wisconsin,29063,6.1,4.2,7.7,11,15.4,17.5,13,15.5,4.3,5.2,56358,78508,26,WI
Racine County,Wisconsin,78905,5,5.3,9.2,8.2,14.2,15.5,13.7,17.4,6.5,4.9,60779,80173,32.1,WI
Rock County,Wisconsin,65316,5.2,5.1,6.6,9.7,14.8,20.2,15.4,15.6,4.8,2.6,61243,72840,36.8,WI
St. Croix County,Wisconsin,34731,3.2,3.5,4.7,4.6,9.6,16.5,17.2,23.8,9.9,7,85594,102083,23.2,WI
Sheboygan County,Wisconsin,48691,3.1,3.1,7.3,9.3,16.1,23.4,15.7,13.5,4.7,3.8,60706,77648,30.8,WI
Walworth County,Wisconsin,42799,4.5,3.1,9.4,9.5,11.1,19.8,14.5,15.3,7.3,5.5,63549,85484,30.1,WI
Washington County,Wisconsin,55256,2.8,1.7,4.5,6.7,14,17.5,16,21.7,9.6,5.6,80513,94877,34.6,WI
Waukesha County,Wisconsin,160635,2.6,2,6,5.2,8.8,15.8,14.2,21.3,12.1,11.9,90548,119042,31.5,WI
Winnebago County,Wisconsin,71238,3.5,4.1,9.9,9.4,14.9,19.6,14.4,15.1,4.4,4.5,58347,77165,26.2,WI
Wood County,Wisconsin,32684,4,6.6,8.2,11.9,12.8,23.8,13.3,12.1,3.5,3.9,56278,73613,27.5,WI
Laramie County,Wyoming,41739,5.6,5,7.2,6.2,9.6,21,16.3,13.4,9.5,6.3,70567,95612,35.4,WY
Natrona County,Wyoming,33044,4.6,2.8,9.2,10.2,10.2,20.5,16.2,15.4,5.8,4.9,65034,79046,28.9,WY
Arecibo Municipio,Puerto Rico,32090,28.6,11,20.3,16.5,11.9,8.9,1.3,0.1,0.6,0.8,18977,26509,25,PR
Bayamón Municipio,Puerto Rico,68980,19,9.6,17.9,14.4,14.3,15.4,5.2,3,0.8,0.5,27386,36121,43.2,PR
Caguas Municipio,Puerto Rico,47669,22.9,13.3,14.4,13.7,12.1,11.8,4.9,4.4,1.4,1.1,24507,36975,41.7,PR
Carolina Municipio,Puerto Rico,58602,20.4,7.8,16.6,14.3,15.8,14.2,5,4.1,0.4,1.6,27658,40459,40.3,PR
Guaynabo Municipio,Puerto Rico,33125,14.1,6.5,14.9,10.7,13.6,12.2,11.1,6.7,4.7,5.5,37499,63720,37.5,PR
Mayagüez Municipio,Puerto Rico,28649,38.2,12.8,19.7,8.2,6.7,7.8,2.4,1.9,0.7,1.6,14525,30194,29.8,PR
Ponce Municipio,Puerto Rico,52837,36.3,13.5,16,9.9,9.9,6.7,2.9,2.8,1.2,1,15130,27761,38,PR
San Juan Municipio,Puerto Rico,138800,29.1,8.8,14.8,10.2,11.6,9.9,5.8,5.1,1.7,3.1,23005,43536,38.8,PR
Toa Alta Municipio,Puerto Rico,22650,20.1,8.2,16.8,12.8,16.3,13.5,6.7,4.4,0.8,0.3,28440,38502,71.6,PR
Toa Baja Municipio,Puerto Rico,28291,22.3,10.1,19.9,13.8,12.3,12.9,6.2,2.1,0.3,0.2,23368,31892,29.7,PR
Trujillo Alto Municipio,Puerto Rico,23263,16.3,9.5,16.1,10.2,14.4,15.6,6.6,7.5,1.1,2.6,32244,47738,40,PR
